from_station_name,start_lat,start_lng,usertype,number_of_trips
Jeffery Blvd & 76th St,41.7571182250977,-87.5758361816406,casual,156
Pulaski Rd & Eddy St,41.9456367492676,-87.7277374267578,member,583
Ogden Ave & Congress Pkwy,41.8750114440918,-87.6732788085938,member,9354
Lake Shore Dr & Belmont Ave,41.9407768249512,-87.6391906738281,casual,25679
Ravenswood Ave & Irving Park Rd,41.9546890258789,-87.6739273071289,casual,2252
May St & Fulton St,41.8867721557617,-87.6559982299805,casual,1627
Morgan Ave & 14th Pl,41.862377166748,-87.6510620117188,member,15312
State St & Harrison St,41.8740081787109,-87.6277236938477,member,23180
Wacker Dr & Washington St,41.8832015991211,-87.637321472168,casual,2598
Cityfront Plaza Dr & Pioneer Ct,41.8904647827148,-87.6220855712891,casual,12634
Blackstone Ave & Hyde Park Blvd,41.802562713623,-87.5903701782227,casual,3426
Adler Planetarium,41.866096496582,-87.6072692871094,member,15461
Lincoln Ave & Armitage Ave,41.9182739257813,-87.6381149291992,casual,3557
Franklin St & Jackson Blvd,41.8777084350586,-87.6353225708008,member,67847
Ashland Ave & Chicago Ave,41.8959655761719,-87.6677474975586,member,19587
Columbus Dr & Randolph St,41.8848686218262,-87.6198348999023,member,85676
May St & Randolph St,41.8839683532715,-87.6556854248047,casual,2761
Chicago Ave & Dempster St,42.041690826416,-87.6806869506836,casual,141
Pulaski Rd & Congress Pkwy,41.874324798584,-87.725700378418,member,115
Lake Shore Dr & Wellington Ave,41.9366683959961,-87.6367950439453,casual,20219
Broadway & Waveland Ave,41.9491920471191,-87.6486129760742,casual,4693
Commercial Ave & 83rd St,41.7446060180664,-87.5512008666992,member,8
Wabash Ave & Wacker Pl,41.8868751525879,-87.6260299682617,casual,17322
Wentworth Ave & 24th St,41.849235534668,-87.6317138671875,member,3498
Shore Dr & 55th St,41.7952117919922,-87.5807113647461,casual,3944
McClurg Ct & Illinois St,41.8908004760742,-87.6173782348633,casual,47893
Halsted St & Madison St,41.8817481994629,-87.6477966308594,casual,3658
Central Park Ave & Ogden Ave,41.8542060852051,-87.7154083251953,casual,170
Marshfield Ave & 59th St,41.7868347167969,-87.6662139892578,casual,7
Leavitt St & Hirsch St,41.9067153930664,-87.6827774047852,casual,756
Clarendon Ave & Junior Ter,41.9610023498535,-87.6496047973633,member,17177
Paulina Ave & North Ave,41.9103355407715,-87.6700744628906,casual,1439
Oak Park Ave & South Blvd,41.8869247436523,-87.7938995361328,casual,161
Michigan Ave & Washington St,41.8838920593262,-87.6246490478516,member,68521
Clark St & Elmdale Ave,41.990894317627,-87.6695861816406,casual,732
Halsted St & North Branch St,41.8993682861328,-87.6484832763672,casual,794
Halsted St & Blackhawk St,41.9085388183594,-87.6485977172852,member,12450
Ogden Ave & Roosevelt Rd,41.8665008544922,-87.684700012207,casual,576
Clinton St & Madison St,41.8819122314453,-87.6411743164063,casual,9501
Pine Grove Ave & Irving Park Rd,41.9543838500977,-87.6480407714844,casual,9607
South Shore Dr & 67th St,41.7736549377441,-87.5674285888672,casual,1012
Michigan Ave & Balbo Ave,41.8724632263184,-87.6240386962891,member,3532
Wood St & Milwaukee Ave,41.9076538085938,-87.6725540161133,casual,7881
State St & 29th St,41.8417053222656,-87.6269378662109,member,1370
Ritchie Ct & Banks St,41.9068222045898,-87.6263122558594,member,14408
California Ave & North Ave,41.9104385375977,-87.6971969604492,member,9103
Rush St & Superior St,41.8957633972168,-87.6259078979492,member,21926
Oak Park Ave & Harrison St,41.8729858398438,-87.7939453125,member,545
Central Ave & Lake St,41.8876647949219,-87.7654724121094,casual,43
Ashland Ave & 69th St,41.768726348877,-87.6640701293945,member,24
Western Ave & Leland Ave,41.9665565490723,-87.6884841918945,member,16451
Ashland Ave & Garfield Blvd,41.7928237915039,-87.6644287109375,casual,9
Franklin St & Arcade Pl,41.8813552856445,-87.6351776123047,casual,4100
Franklin St & Jackson Blvd,41.8777084350586,-87.6353225708008,casual,22652
University Ave & 57th St,41.7914772033691,-87.5997085571289,member,18671
Cottage Grove Ave & 71st St,41.7657203674316,-87.6049575805664,member,307
Halsted St & 69th St,41.7690620422363,-87.6446151733398,casual,56
May St & Randolph St,41.8839683532715,-87.6556854248047,member,16232
Glenwood Ave & Morse Ave,42.0079727172852,-87.6655044555664,member,6970
Leavitt St & Lawrence Ave,41.9688835144043,-87.6839981079102,casual,1094
Broadway & Thorndale Ave,41.9897422790527,-87.6601409912109,casual,2426
Ashland Ave & Lake St,41.8854103088379,-87.6673202514648,member,14132
Halsted St & 21st St,41.8537788391113,-87.6466522216797,member,4003
Broadway & Argyle St,41.9733963012695,-87.6596527099609,casual,3097
State St & Van Buren St,41.8771820068359,-87.6278457641602,casual,13631
Calumet Ave & 71st St,41.7655067443848,-87.6169204711914,casual,78
Sacramento Blvd & Franklin Blvd,41.8897285461426,-87.7010269165039,member,722
Green St & Randolph St,41.8838729858398,-87.6486740112305,casual,10738
Cuyler Ave & Augusta St,41.8981666564941,-87.7830581665039,casual,109
Western Ave & Monroe St,41.8797874450684,-87.6861114501953,casual,412
Clark St & Touhy Ave,42.0125617980957,-87.6743698120117,casual,388
Clark St & Grace St,41.9507789611816,-87.6591720581055,member,16790
Lake Shore Dr & Wellington Ave,41.9366683959961,-87.6367950439453,member,27946
Artesian Ave & Hubbard St,41.8894920349121,-87.6882171630859,member,12984
Halsted St & Dickens Ave,41.9199371337891,-87.6488265991211,casual,5606
Elizabeth St & 47th St,41.8083915710449,-87.6565246582031,casual,19
Sheffield Ave & Willow St,41.913688659668,-87.6528549194336,casual,4709
Shields Ave & 28th Pl,41.8427314758301,-87.6354904174805,casual,328
Keystone Ave & Fullerton Ave,41.9243621826172,-87.7277526855469,casual,79
Exchange Ave & 79th St,41.7517318725586,-87.5528106689453,member,122
Washtenaw Ave & 15th St,41.8614807128906,-87.6933746337891,member,284
Streeter Dr & Grand Ave,41.892276763916,-87.6120452880859,member,32204
Campbell Ave & Fullerton Ave,41.924633026123,-87.6893081665039,member,6465
Loomis St & Archer Ave,41.8416328430176,-87.6574325561523,casual,312
Kedzie Ave & Leland Ave,41.9666862487793,-87.7080535888672,member,2262
Spaulding Ave & Division St,41.9027061462402,-87.7092208862305,casual,530
State St & Pershing Rd,41.8230171203613,-87.6265716552734,member,150
Central Ave & Harrison St,41.8729934692383,-87.7644958496094,casual,51
State St & Erie St,41.8939743041992,-87.6286239624023,casual,7864
Wood St & Taylor St,41.8691558837891,-87.6710433959961,member,16911
Damen Ave & Cullerton St,41.8550491333008,-87.6757278442383,casual,1515
Orleans St & Elm St,41.9029235839844,-87.6377182006836,member,8422
California Ave & North Ave,41.9104385375977,-87.6971969604492,casual,2727
Western Ave & Monroe St,41.8797874450684,-87.6861114501953,member,2193
Morgan St & 31st St,41.8377990722656,-87.6511383056641,member,6152
Kedzie Ave & Harrison St,41.8736000061035,-87.7048721313477,member,449
Halsted St & Maxwell St,41.8647308349609,-87.6470031738281,member,18738
Western Ave & 24th St,41.8484687805176,-87.6851119995117,member,1500
Southport Ave & Waveland Ave,41.9481506347656,-87.6639404296875,member,30200
Pulaksi Rd & Eddy St,41.9456367492676,-87.7277374267578,member,28
Racine Ave & Belmont Ave,41.9397430419922,-87.6588668823242,casual,5470
Ashland Ave & 66th St,41.7740745544434,-87.663818359375,member,5
Stockton Dr & Wrightwood Ave,41.9313201904297,-87.6387405395508,member,17686
Franklin St & Quincy St,41.8787231445313,-87.6347961425781,member,50138
Maplewood Ave & Peterson Ave,41.990234375,-87.6933670043945,casual,300
Keystone Ave & Fullerton Ave,41.9243621826172,-87.7277526855469,member,1052
Peoria St & Jackson Blvd,41.8777503967285,-87.6496353149414,member,49630
Vernon Ave & 79th St,41.7509498596191,-87.6137847900391,casual,6
Leavitt St & North Ave,41.9103202819824,-87.6823272705078,casual,3508
State St & Kinzie St,41.8891792297363,-87.6277160644531,member,56802
Racine Ave & Fullerton Ave,41.9255638122559,-87.6584014892578,member,22869
Kosciuszko Park,41.9305839538574,-87.7237777709961,casual,473
Racine Ave & 61st St,41.7831878662109,-87.6543731689453,member,5
Calumet Ave & 18th St,41.8576126098633,-87.6194076538086,casual,11370
Wells St & Elm St,41.9032211303711,-87.6343231201172,casual,3273
Benson Ave & Church St,42.0482139587402,-87.6834869384766,member,5853
Campbell Ave & Montrose Ave,41.9615249633789,-87.691162109375,member,5340
Western Ave & 21st St,41.8540267944336,-87.6855392456055,member,3569
Southport Ave & Roscoe St,41.9437408447266,-87.6640167236328,casual,8625
Broadway & Waveland Ave,41.9491920471191,-87.6486129760742,member,20953
Yates Blvd & 75th St,41.7587661743164,-87.5664367675781,casual,131
Morgan St & 18th St,41.8580856323242,-87.6510696411133,member,11504
State St & 35th St,41.8310394287109,-87.6268768310547,member,7137
Winchester Ave & Elston Ave,41.9240913391113,-87.6764602661133,member,4314
Kilbourn Ave & Irving Park Rd,41.9537315368652,-87.7405700683594,member,757
Cottage Grove Ave & 51st St,41.8030395507813,-87.6066131591797,member,1537
Stony Island Ave & 82nd St,41.7465591430664,-87.5860061645508,member,68
Rainbow Beach,41.757869720459,-87.5493850708008,casual,201
Paulina St & Montrose Ave,41.9615058898926,-87.67138671875,member,6973
Ashland Ave & 50th St,41.8030242919922,-87.6646957397461,casual,13
Morgan St & Pershing Rd,41.8236122131348,-87.6509323120117,member,36
Cottage Grove Ave & 43rd St,41.8164978027344,-87.6065826416016,member,1242
Pulaski Rd & Congress Pkwy,41.874324798584,-87.725700378418,casual,32
Paulina St & Diversey Pkwy,41.9318618774414,-87.6707916259766,casual,560
Ashland Ave & 13th St,41.865234375,-87.66650390625,casual,597
Martin Luther King Dr & 29th St,41.8420524597168,-87.6169967651367,casual,975
Southport Ave & Irving Park Rd,41.9541778564453,-87.6643600463867,member,17620
Seeley Ave & Garfield Blvd,41.7940864562988,-87.6754760742188,member,5
Clark St & Armitage Ave,41.9183044433594,-87.6362838745117,member,47193
Dearborn St & Monroe St,41.8813209533691,-87.629524230957,member,76451
Damen Ave & Wellington Ave,41.9358787536621,-87.6784210205078,member,11415
Milwaukee Ave & Grand Ave,41.8915786743164,-87.6483840942383,casual,851
Damen Ave & 51st St,41.8009071350098,-87.6746826171875,casual,14
Ashland Ave & Grace St,41.9506874084473,-87.668701171875,casual,2357
Lombard Ave & Garfield St,41.8706245422363,-87.7789916992188,member,652
Keystone Ave & Montrose Ave,41.961109161377,-87.7289733886719,member,1157
Princeton Ave & Garfield Blvd,41.7949829101563,-87.6331253051758,member,659
Michigan Ave & 18th St,41.8578758239746,-87.6240921020508,member,24365
Richmond St & Diversey Ave,41.9319038391113,-87.7011947631836,casual,835
Cottage Grove Ave & 78th St,41.753173828125,-87.6050262451172,member,169
Stony Island Ave & 82nd St,41.7465591430664,-87.5860061645508,casual,24
Museum Campus,41.8652114868164,-87.6177597045898,member,10941
Ogden Ave & Race Ave,41.8917961120605,-87.6587524414063,member,20345
Halsted St & 37th St,41.8270645141602,-87.6457595825195,casual,463
Wabash Ave & Adams St,41.8794708251953,-87.6256866455078,member,22467
Racine Ave & Congress Pkwy,41.874641418457,-87.6570281982422,member,15796
Montrose Harbor,41.963981628418,-87.63818359375,casual,32969
Rhodes Ave & 32nd St,41.8362083435059,-87.6135330200195,casual,3299
Federal St & Polk St,41.8720779418945,-87.6295471191406,casual,3927
Morgan St & Polk St,41.8717384338379,-87.6510314941406,casual,2674
Clark St & Wellington Ave,41.9364967346191,-87.6475372314453,casual,9247
Ashland Ave & Division St,41.903450012207,-87.6682739257813,casual,9028
Albany Ave & Montrose Ave,41.9610404968262,-87.7058639526367,casual,475
Indiana Ave & 40th St,41.8216781616211,-87.6215972900391,member,887
Stony Island Ave & South Chicago Ave,41.7511711120605,-87.585334777832,member,100
Western Ave & Roscoe St,41.9430274963379,-87.6873931884766,casual,704
Stony Island Ave & 67th St,41.7734603881836,-87.5853424072266,member,650
Clark St & Schreiber Ave,41.9992523193359,-87.6713790893555,member,3176
Wabash Ave & 16th St,41.8603858947754,-87.6258163452148,casual,1437
Bissell St & Armitage Ave,41.9184417724609,-87.6522216796875,casual,7569
California Ave & Augusta Blvd,41.899356842041,-87.6964416503906,member,377
Southport Ave & Clybourn Ave,41.9207420349121,-87.6633529663086,member,20446
Wood St & 35th St,41.8301048278809,-87.670295715332,casual,226
Elmwood Ave & Austin St,42.0257835388184,-87.6841049194336,casual,66
Pine Grove Ave & Addison St,41.9478378295898,-87.6454162597656,casual,1576
Campbell Ave & Montrose Ave,41.9615249633789,-87.691162109375,casual,427
Buckingham Fountain,41.8767051696777,-87.6212615966797,member,4118
MLK Jr Dr & 29th St,41.8420524597168,-87.6169967651367,casual,2676
Desplaines St & Jackson Blvd,41.878288269043,-87.6439056396484,member,21250
Central Park Ave & Elbridge Ave,41.9353370666504,-87.7168884277344,casual,395
Lake Park Ave & 47th St,41.8094444274902,-87.5918731689453,member,4351
State St & Kinzie St,41.8891792297363,-87.6277160644531,casual,21161
Blue Island Ave & 18th St,41.8575553894043,-87.6615371704102,member,15833
Wolcott Ave & Fargo Ave,42.016975402832,-87.6777267456055,casual,37
Kedzie Ave & Palmer Ct,41.9215240478516,-87.7073211669922,casual,2875
Wells St & Elm St,41.9032211303711,-87.6343231201172,member,23177
Michigan Ave & Lake St,41.8860359191895,-87.6241760253906,casual,31538
Western Ave & Lunt Ave,42.0085945129395,-87.6904907226563,member,1558
Lincoln Ave & Eastwood Ave,41.9658317565918,-87.6865081787109,casual,828
Damen Ave & 51st St,41.8009071350098,-87.6746826171875,member,90
May St & 69th St,41.7689361572266,-87.6529312133789,casual,14
Damen Ave & Madison St,41.8813705444336,-87.6749267578125,member,5720
Sedgwick St & North Ave,41.9109802246094,-87.6386489868164,casual,7268
Glenwood Ave & Morse Ave,42.0079727172852,-87.6655044555664,casual,1143
Wabash Ave & 8th St,41.8719635009766,-87.626106262207,casual,13535
LaSalle St & Jackson Blvd,41.8781700134277,-87.6319885253906,casual,9440
Wolcott Ave & Polk St,41.8712615966797,-87.6736907958984,member,25224
Greenview Ave & Fullerton Ave,41.9253311157227,-87.6658020019531,casual,4082
Oakley Ave & Touhy Ave,42.0123405456543,-87.6882400512695,member,456
Ashland Ave & Augusta Blvd,41.8996429443359,-87.6677017211914,casual,2869
Stony Island Ave & 64th St,41.7787017822266,-87.586784362793,member,644
Indiana Ave & 26th St,41.8456077575684,-87.6223831176758,casual,2401
Vernon Ave & 75th St,41.7583618164063,-87.6141357421875,member,137
St. Clair St & Erie St,41.8944473266602,-87.6226654052734,casual,13441
State St & Pearson St,41.8974494934082,-87.6287231445313,casual,8034
Halsted St & Roosevelt Rd,41.8673248291016,-87.6486282348633,member,8561
Clark St & Touhy Ave,42.0125617980957,-87.6743698120117,member,926
Peoria St & Jackson Blvd,41.8777503967285,-87.6496353149414,casual,5278
Union Ave & Grand Ave,41.890998840332,-87.6459274291992,casual,2575
Kenton Ave & Madison St,41.8807067871094,-87.7410202026367,member,53
Normal Ave & 72nd St,41.7634620666504,-87.6372985839844,member,15
Michigan Ave & Washington St,41.8838920593262,-87.6246490478516,casual,38040
Normal Ave & Archer Ave,41.8495254516602,-87.6405944824219,member,4049
Manor Ave & Leland Ave,41.9663162231445,-87.7010803222656,casual,305
California Ave & Lake St,41.8844528198242,-87.6962966918945,casual,294
Halsted St & Blackhawk St,41.9085388183594,-87.6485977172852,casual,2735
Western Ave & Howard St,42.0189018249512,-87.6900482177734,member,469
Knox Ave & Montrose Ave,41.9606323242188,-87.745361328125,member,561
Michigan Ave & Pearson St,41.8976593017578,-87.6235122680664,member,25245
Racine Ave & Wrightwood Ave,41.9288864135742,-87.6589736938477,member,16400
Lakefront Trail & Bryn Mawr Ave,41.9840354919434,-87.6523132324219,member,14197
Lawndale Ave & 23rd St,41.8498802185059,-87.7170028686523,member,59
Milwaukee Ave & Rockwell St,41.9201965332031,-87.6930313110352,member,7702
Emerald Ave & 28th St,41.843578338623,-87.6453704833984,member,6426
Forest Ave & Chicago Ave,41.8942108154297,-87.80029296875,casual,419
Central Ave & Chicago Ave,41.8949584960938,-87.7649002075195,casual,15
Broadway & Granville Ave,41.9947814941406,-87.660285949707,member,7262
Dodge Ave & Church St,42.0483093261719,-87.6982269287109,casual,117
MLK Jr Dr & Oakwood Blvd,41.8225593566895,-87.6161499023438,member,1374
Princeton Ave & 31st St,41.838020324707,-87.6340103149414,member,540
Racine Ave & Garfield Blvd,41.7944602966309,-87.6550064086914,casual,19
Hampden Ct & Diversey Pkwy,41.9326210021973,-87.6423873901367,member,37659
Sheridan Rd & Loyola Ave,42.0010452270508,-87.6612014770508,member,6625
Wentworth Ave & Archer Ave,41.8540840148926,-87.6319122314453,casual,7674
Michigan Ave & Oak St,41.9009590148926,-87.623779296875,member,52860
State St & 33rd St,41.8347358703613,-87.6258163452148,member,16193
Southport Ave & Clark St,41.9570808410645,-87.6641998291016,member,9032
Clark St & Elm St,41.9031028747559,-87.6312637329102,casual,17458
Congress Pkwy & Ogden Ave,41.8750114440918,-87.6732788085938,member,683
Clark St & Leland Ave,41.9670944213867,-87.6674270629883,casual,2085
Cityfront Plaza & N Water St,41.8898735046387,-87.6219940185547,member,4211
Emerald Ave & 31st St,41.8381996154785,-87.6451416015625,member,9046
Mason Ave & Madison St,41.8799781799316,-87.7732620239258,member,150
Martin Luther King Dr & Oakwood Blvd,41.8225593566895,-87.6161499023438,casual,456
Lake Park Ave & 53rd St,41.7994956970215,-87.5864486694336,member,6739
Southport Ave & Waveland Ave,41.9481506347656,-87.6639404296875,casual,7315
Sawyer Ave & Irving Park Rd,41.9535865783691,-87.7093124389648,casual,388
Washtenaw Ave & Lawrence Ave,41.9688491821289,-87.6960983276367,casual,573
Talman Ave & Addison St,41.9466361999512,-87.6946182250977,casual,792
Union Ave & Root St,41.8191032409668,-87.6432800292969,member,154
Clinton St & Lake St,41.8856430053711,-87.641487121582,casual,6181
Dearborn St & Monroe St,41.8813209533691,-87.629524230957,casual,11749
Laramie Ave & Kinzie St,41.8878326416016,-87.7555236816406,casual,19
Paulina St & 18th St,41.8579025268555,-87.6687469482422,casual,1735
Bennett Ave & 79th St,41.7517852783203,-87.578498840332,casual,12
Lake Park Ave & 56th St,41.7932434082031,-87.5877838134766,casual,3704
Kedzie Ave & Foster Ave,41.9756736755371,-87.7092590332031,member,1778
Cicero Ave & Lake St,41.8868408203125,-87.7452621459961,member,80
Halsted St & 59th St,41.787540435791,-87.6448745727539,member,30
Burnham Harbor,41.8562698364258,-87.6133499145508,member,17851
Halsted St & Roscoe St,41.9436645507813,-87.6489334106445,casual,8599
Clarendon Ave & Gordon Ter,41.957878112793,-87.6495208740234,member,21228
Halsted St & Polk St,41.8718414306641,-87.6466369628906,member,24791
Wells St & Hubbard St,41.8899345397949,-87.6342620849609,casual,5665
Christiana Ave & Lawrence Ave,41.9683532714844,-87.7118301391602,member,3176
Lombard Ave & Madison St,41.879810333252,-87.779426574707,casual,45
Rush St & Cedar St,41.9023094177246,-87.6276931762695,member,18183
Halsted St & Willow St,41.9137763977051,-87.6488418579102,casual,4328
Benson Ave & Church St,42.0482139587402,-87.6834869384766,casual,877
May St & Taylor St,41.8694801330566,-87.6554870605469,member,21586
Humboldt Dr & Luis Munoz Marin Dr,41.900146484375,-87.702880859375,member,2547
South Chicago Ave & 83rd St,41.7439193725586,-87.5752258300781,casual,9
Wisconsin Ave & Madison St,41.8798370361328,-87.8022384643555,member,946
Canal St & Harrison St,41.8742980957031,-87.6395645141602,member,11659
Calumet Ave & 71st St,41.7655067443848,-87.6169204711914,member,84
Western Blvd & 48th Pl,41.8056602478027,-87.6833953857422,member,236
MLK Jr Dr & 83rd St,41.7431144714355,-87.6147994995117,casual,22
St Clair St & Erie St,41.8944473266602,-87.6226654052734,member,13555
Museum of Science and Industry,41.7917289733887,-87.5839462280273,casual,7513
Kedzie Ave & Roosevelt Rd,41.8664932250977,-87.7064971923828,casual,175
Oak Park Ave & South Blvd,41.8869247436523,-87.7938995361328,member,914
Damen Ave & 59th St,41.786018371582,-87.6741638183594,casual,10
Cottage Grove Ave & 63rd St,41.7805976867676,-87.6061096191406,casual,288
Sheridan Rd & Buena Ave,41.9584617614746,-87.6547241210938,member,18014
California Ave & Byron St,41.9521636962891,-87.6980514526367,casual,579
Millennium Park,41.881031036377,-87.6240844726563,casual,101378
Western Ave & Walton St,41.8984184265137,-87.6865997314453,casual,1449
Sheridan Rd & Greenleaf Ave,42.0105857849121,-87.6624145507813,member,3128
Mies van der Rohe Way & Chestnut St,41.8985862731934,-87.6219177246094,casual,13395
Ashland Ave & Grand Ave,41.8910713195801,-87.6666107177734,casual,2019
California Ave & Milwaukee Ave,41.9226951599121,-87.697151184082,casual,7142
Cornell Ave & Hyde Park Blvd,41.8024063110352,-87.5869216918945,casual,3457
Loomis St & Taylor St,41.8694152832031,-87.6609954833984,casual,3284
Clark St & Lake St,41.8860206604004,-87.6308746337891,member,32178
Dorchester Ave & 63rd St,41.7804069519043,-87.5914154052734,casual,543
Wood St & Division St,41.9033203125,-87.6727294921875,casual,5030
Cottage Grove Ave & 47th St,41.8098564147949,-87.6067581176758,member,2202
Phillips Ave & 79th St,41.7518196105957,-87.5652084350586,casual,27
Broadway & Wilson Ave,41.96533203125,-87.6580505371094,casual,2985
Keeler Ave & Irving Park Rd,41.9538536071777,-87.7324676513672,member,1033
Lincoln Ave & Leavitt St,41.9623908996582,-87.6841430664063,casual,2825
Shields Ave & 31st St,41.8384628295898,-87.6354064941406,casual,579
Wilton Ave & Diversey Pkwy,41.9324607849121,-87.6526947021484,casual,6449
Damen Ave & Cortland Ave,41.9160270690918,-87.6774139404297,casual,7834
Wacker Dr & Washington St,41.8832015991211,-87.637321472168,member,34074
Leavitt St & Addison St,41.9468421936035,-87.6833648681641,member,3673
LaSalle St & Adams St,41.8793449401855,-87.6319885253906,member,21318
Stony Island Ave & 71st St,41.7664947509766,-87.5864639282227,member,449
Clinton St & Washington Blvd,41.8833808898926,-87.6411666870117,casual,8039
Orleans St & Merchandise Mart Plaza,41.8882446289063,-87.6363906860352,member,69110
May St & Fulton St,41.8867721557617,-87.6559982299805,member,26395
Carpenter St & Huron St,41.8945541381836,-87.653450012207,member,18810
Halsted St & 69th St,41.7690620422363,-87.6446151733398,member,99
Campbell Ave & Fullerton Ave,41.924633026123,-87.6893081665039,casual,972
Halsted St & James M Rochford St,41.8658599853516,-87.646614074707,casual,2432
Wolcott Ave & Lawrence Ave,41.9686393737793,-87.6763381958008,casual,394
Clark St & Wrightwood Ave,41.9295463562012,-87.6431198120117,member,41298
University Library (NU),42.0529403686523,-87.6734466552734,casual,818
Michigan Ave & Balbo Ave,41.8724632263184,-87.6240386962891,casual,13923
California Ave & 23rd Pl,41.8491096496582,-87.6951370239258,casual,104
Damen Ave & Melrose Ave,41.940601348877,-87.6784973144531,casual,2504
Shore Dr & 55th St,41.7952117919922,-87.5807113647461,member,7515
Franklin St & Chicago Ave,41.896785736084,-87.6356353759766,member,52023
Eckhart Park,41.8963737487793,-87.6609802246094,member,18561
Cottage Grove Ave & Oakwood Blvd,41.8229866027832,-87.6071014404297,casual,3265
Prairie Ave & Garfield Blvd,41.7949371337891,-87.6189117431641,casual,1370
Wells St & Huron St,41.8947296142578,-87.6340713500977,casual,2965
Prairie Ave & 43rd St,41.8166580200195,-87.6194152832031,member,769
Lincoln Ave & Winona St,41.974910736084,-87.6925048828125,casual,584
Forest Ave & Lake St,41.8889083862305,-87.8002548217773,member,781
Shields Ave & 43rd St,41.8162078857422,-87.6348190307617,casual,39
Wilton Ave & Belmont Ave,41.9401817321777,-87.6530380249023,member,55048
Lake Park Ave & 35th St,41.8312721252441,-87.6088027954102,casual,1723
East Ave & Garfield St,41.8713111877441,-87.7889404296875,casual,102
Franklin St & Arcade Pl,41.8813552856445,-87.6351776123047,member,32555
Ridgeland Ave & Lake St,41.8880844116211,-87.7852325439453,member,754
Sheffield Ave & Waveland Ave,41.9493980407715,-87.6545257568359,member,9587
Clark St & Congress Pkwy,41.8759346008301,-87.6305847167969,member,43189
State St & 29th St,41.8417053222656,-87.6269378662109,casual,1047
Wood St & Hubbard St,41.8895874023438,-87.6719589233398,casual,347
Kedzie Ave & Harrison St,41.8736000061035,-87.7048721313477,casual,111
Pine Grove Ave & Waveland Ave,41.949275970459,-87.6463012695313,casual,8879
Wabash Ave & 9th St,41.8707695007324,-87.625732421875,casual,1075
Halsted St & 47th Pl,41.8081321716309,-87.6456146240234,member,733
Ravenswood Ave & Lawrence Ave,41.9690895080566,-87.6742401123047,member,35955
Broadway & Sheridan Rd,41.9528312683105,-87.6499938964844,casual,4827
Ridge Blvd & Howard St,42.0192756652832,-87.6845169067383,member,759
Cuyler Ave & Augusta St,41.8981666564941,-87.7830581665039,member,623
Michigan Ave & Madison St,41.8821334838867,-87.6251220703125,casual,15341
Ashland Ave & 21st St,41.8538093566895,-87.6658935546875,casual,668
Cannon Dr & Fullerton Ave,41.9267578125,-87.6344299316406,member,11788
Carpenter St & Huron St,41.8945541381836,-87.653450012207,casual,3132
Clark St & Columbia Ave,42.004451751709,-87.6724014282227,member,3970
Rainbow Beach,41.757869720459,-87.5493850708008,member,121
Wells St & Evergreen Ave,41.9067230224609,-87.6348266601563,casual,11269
Michigan Ave & 16th St,41.8602027893066,-87.6233520507813,casual,704
Fairfield Ave & Roosevelt Rd,41.8666229248047,-87.6945190429688,casual,211
Seeley Ave & Garfield Blvd,41.7940864562988,-87.6754760742188,casual,2
Halsted St & 37th St,41.8270645141602,-87.6457595825195,member,1360
Sheffield Ave & Addison St,41.9469223022461,-87.6543502807617,member,24589
Wood St & Taylor St,41.8691558837891,-87.6710433959961,casual,1032
Morgan St & Polk St,41.8717384338379,-87.6510314941406,member,35598
Princeton Ave & China Pl,41.8536605834961,-87.6351318359375,member,90
Michigan Ave & Lake St,41.8860359191895,-87.6241760253906,member,62237
Halsted St & Polk St,41.8718414306641,-87.6466369628906,casual,3163
Clark St & North Ave,41.9118843078613,-87.6318969726563,member,24153
Jeffery Blvd & 76th St,41.7571182250977,-87.5758361816406,member,155
Dearborn Pkwy & Delaware Pl,41.8989868164063,-87.6299209594727,casual,13410
Wolcott Ave & Fargo Ave,42.016975402832,-87.6777267456055,member,360
Lincoln Ave & Belle Plaine Ave,41.9559288024902,-87.6792602539063,casual,3159
Eckhart Park,41.8963737487793,-87.6609802246094,casual,3291
Canal St & Jackson Blvd,41.8779792785645,-87.6402282714844,casual,7476
Sheridan Rd & Lawrence Ave,41.9695167541504,-87.6546936035156,casual,2759
Wood St & Milwaukee Ave,41.9076538085938,-87.6725540161133,member,32840
Wells St & 19th St,41.856803894043,-87.6338806152344,member,2831
Southport Ave & Wrightwood Ave,41.928825378418,-87.6635437011719,member,24291
Dayton St & North Ave,41.9105796813965,-87.6494216918945,casual,8923
Kostner Ave & Lake St,41.885929107666,-87.7354125976563,casual,26
Burnham Harbor,41.8562698364258,-87.6133499145508,casual,32644
Paulina St & 18th St,41.8579025268555,-87.6687469482422,member,11306
2112 W Peterson Ave,41.9911766052246,-87.68359375,member,1030
Albany Ave & Bloomingdale Ave,41.9140281677246,-87.7051239013672,casual,4678
Wabash Ave & Roosevelt Rd,41.8672065734863,-87.6259613037109,member,57813
Wisconsin Ave & Madison St,41.8798370361328,-87.8022384643555,casual,91
Broadway & Cornelia Ave,41.9455184936523,-87.6462097167969,casual,9505
Union Ave & 42nd St,41.8176383972168,-87.6435623168945,casual,94
Kedzie Ave & Foster Ave,41.9756736755371,-87.7092590332031,casual,543
Sheridan Rd & Noyes St (NU),42.0582389831543,-87.6774291992188,member,3468
Ellis Ave & 60th St,41.7850952148438,-87.60107421875,member,9978
Michigan Ave & 14th St,41.8640594482422,-87.6237258911133,casual,8563
Halsted St & 18th St,41.8574981689453,-87.6462783813477,member,8464
Ashland Ave & 63rd St,41.7793731689453,-87.6648406982422,casual,13
Avers Ave & Belmont Ave,41.9394073486328,-87.7231216430664,member,2056
McCormick Place,41.851375579834,-87.6188354492188,member,7544
May St & 69th St,41.7689361572266,-87.6529312133789,member,10
Ravenswood Ave & Irving Park Rd,41.9546890258789,-87.6739273071289,member,15577
Martin Luther King Dr & Oakwood Blvd,41.8225593566895,-87.6161499023438,member,511
Francisco Ave & Foster Ave,41.9756317138672,-87.701416015625,member,3793
Wilton Ave & Diversey Pkwy,41.9324607849121,-87.6526947021484,member,38343
Lake Shore Dr & Belmont Ave,41.9407768249512,-87.6391906738281,member,30721
Damen Ave & Leland Ave,41.9670944213867,-87.6790313720703,member,15808
Kenton Ave & Madison St,41.8807067871094,-87.7410202026367,casual,18
St. Louis Ave & Balmoral Ave,41.9803924560547,-87.7161178588867,member,2317
South Shore Dr & 71st St,41.7664108276367,-87.5656890869141,member,1018
Paulina St & Howard St,42.019157409668,-87.6735763549805,member,2250
Kimball Ave & Belmont Ave,41.939395904541,-87.7118988037109,casual,740
Daley Center Plaza,41.8843307495117,-87.6298446655273,member,79308
Marion St & South Blvd,41.8868103027344,-87.8028717041016,casual,163
May St & Taylor St,41.8694801330566,-87.6554870605469,casual,4709
Evans Ave & 75th St,41.7583084106445,-87.6066818237305,casual,43
Wallace Ave & 35th St,41.8306274414063,-87.6412887573242,member,683
Millard Ave & 26th St,41.8445663452148,-87.7159118652344,member,339
Wood St & Division St,41.9033203125,-87.6727294921875,member,18983
Greenview Ave & Jarvis Ave,42.0159606933594,-87.668571472168,casual,285
Laramie Ave & Madison St,41.8803558349609,-87.754638671875,casual,18
California Ave & Montrose Ave,41.961067199707,-87.695442199707,casual,698
Franklin St & Lake St,41.8858375549316,-87.635498046875,member,49553
Sheffield Ave & Fullerton Ave,41.9256019592285,-87.6537094116211,member,49781
Wells St & Concord Ln,41.912166595459,-87.6346588134766,casual,13546
Budlong Woods Library,41.9836654663086,-87.6964263916016,member,1381
Logan Blvd & Elston Ave,41.9305839538574,-87.6851272583008,casual,2879
Cottage Grove Ave & 63rd St,41.7805976867676,-87.6061096191406,member,1290
Honore St & Division St,41.9031181335449,-87.6739349365234,casual,270
MLK Jr Dr & 47th St,41.8098526000977,-87.6162796020508,member,1094
Kedzie Ave & Chicago Ave,41.8954658508301,-87.7061309814453,casual,315
Streeter Dr & Illinois St,41.8910713195801,-87.6121978759766,casual,113364
Central Park Ave & North Ave,41.9096565246582,-87.7166290283203,member,1288
Lombard Ave & Madison St,41.879810333252,-87.779426574707,member,338
Humphrey Ave & Ontario St,41.8903694152832,-87.7775650024414,member,207
Clark St & Berwyn Ave,41.9779968261719,-87.6680450439453,casual,2461
Damen Ave & Division St,41.9032897949219,-87.6776885986328,casual,7586
Calumet Ave & 33rd St,41.8348999023438,-87.6179275512695,casual,1943
Humboldt Blvd & Armitage Ave,41.9175148010254,-87.7018127441406,casual,2960
California Ave & 21st St,41.8540153503418,-87.695442199707,member,1989
Michigan Ave & Oak St,41.9009590148926,-87.623779296875,casual,95169
Damen Ave & Chicago Ave,41.8957672119141,-87.6772232055664,member,32007
Ridge Blvd & Touhy Ave,42.0121307373047,-87.6829147338867,casual,348
California Ave & Roosevelt Rd,41.8666305541992,-87.6955947875977,member,44
Shedd Aquarium,41.8672256469727,-87.6153564453125,casual,59393
Wells St & Polk St,41.8724822998047,-87.6335144042969,member,29975
Albany Ave & Montrose Ave,41.9610404968262,-87.7058639526367,member,2197
Albany Ave & 26th St,41.8444747924805,-87.7020111083984,member,312
Cottage Grove Ave & 78th St,41.753173828125,-87.6050262451172,casual,21
Halsted St & North Branch St,41.8993682861328,-87.6484832763672,member,4835
Chicago Ave & Washington St,42.0325622558594,-87.6791000366211,casual,623
Central Park Blvd & 5th Ave,41.8756790161133,-87.7154693603516,casual,24
Wabash Ave & Adams St,41.8794708251953,-87.6256866455078,casual,6533
Marshfield Ave & 44th St,41.8139953613281,-87.6665878295898,member,23
Perry Ave & 69th St,41.7692947387695,-87.6281967163086,casual,72
Aberdeen St & Jackson Blvd,41.8777275085449,-87.65478515625,member,30245
Lincoln Ave & Belmont Ave,41.9393653869629,-87.6683883666992,member,18664
Ashland Ave & Pershing Rd,41.8234634399414,-87.6655807495117,member,186
Halsted St & 51st St,41.801830291748,-87.6452102661133,member,45
Desplaines St & Randolph St,41.8846168518066,-87.6445693969727,member,20369
Cottage Grove Ave & 67th St,41.7737197875977,-87.6056365966797,member,443
Warren Park West,42.001895904541,-87.6892776489258,casual,509
Orleans St & Ohio St,41.8921546936035,-87.6369247436523,casual,2248
Michigan Ave & 18th St,41.8578758239746,-87.6240921020508,casual,6997
Loomis St & Taylor St,41.8694152832031,-87.6609954833984,member,10578
LaSalle St & Adams St,41.8793449401855,-87.6319885253906,casual,4285
Stony Island Ave & 67th St,41.7734603881836,-87.5853424072266,casual,331
900 W Harrison St,41.8747138977051,-87.6499176025391,member,15890
Wells St & Walton St,41.8999290466309,-87.6344299316406,member,26989
Mies van der Rohe Way & Chicago Ave,41.8969116210938,-87.6217422485352,member,37568
Racine Ave & 35th St,41.830696105957,-87.6559753417969,member,1531
Calumet Ave & 51st St,41.8022956848145,-87.6180572509766,member,976
State St & 19th St,41.8565940856934,-87.6275405883789,member,8959
Greenwood Ave & 79th St,41.751293182373,-87.5975494384766,member,96
State St & Wacker Dr,41.8871536254883,-87.6277465820313,member,4240
Sheffield Ave & Willow St,41.913688659668,-87.6528549194336,member,26776
Southport Ave & Clybourn Ave,41.9207420349121,-87.6633529663086,casual,4579
Morgan St & Lake St,41.8854827880859,-87.6523056030273,casual,5376
Damen Ave & Cortland Ave,41.9160270690918,-87.6774139404297,member,24286
Kimbark Ave & 53rd St,41.7995681762695,-87.5947494506836,member,15565
Michigan Ave & 16th St,41.8602027893066,-87.6233520507813,member,2585
LaSalle St & Illinois St,41.890754699707,-87.6319580078125,casual,19646
MLK Jr Dr & 83rd St,41.7431144714355,-87.6147994995117,member,23
South Chicago Ave & 83rd St,41.7439193725586,-87.5752258300781,member,20
Clark St & Lunt Ave,42.0090713500977,-87.6738739013672,casual,399
Fort Dearborn Dr & 31st St,41.8385543823242,-87.6082153320313,casual,26921
Lakeview Ave & Fullerton Pkwy,41.9258575439453,-87.6389694213867,casual,18807
MLK Jr Dr & 63rd St,41.7800827026367,-87.6159439086914,casual,66
Wentworth Ave & 33rd St,41.834529876709,-87.6318206787109,casual,659
Clybourn Ave & Division St,41.9045639038086,-87.6405258178711,member,18987
Stetson Ave & South Water St,41.8868446350098,-87.6225051879883,casual,12968
Broadway & Ridge Ave,41.9840431213379,-87.660270690918,casual,1624
Milwaukee Ave & Cuyler Ave,41.9544677734375,-87.7495956420898,member,368
Southport Ave & Wellington Ave,41.9357872009277,-87.6636352539063,casual,6300
California Ave & Cortez St,41.9003639221191,-87.6967010498047,member,1495
Lincoln Ave & Addison St,41.946174621582,-87.6733093261719,member,7461
Wells St & Erie St,41.8938331604004,-87.6341934204102,casual,8216
Drake Ave & Montrose Ave,41.9611549377441,-87.7165679931641,member,2786
Sheridan Rd & Irving Park Rd,41.9542694091797,-87.6544570922852,casual,6632
State St & 76th St,41.7569694519043,-87.6246185302734,casual,7
Drake Ave & Fullerton Ave,41.9244003295898,-87.7154388427734,member,4582
Sedgwick St & Huron St,41.8946647644043,-87.6384353637695,casual,3605
Oakley Ave & Touhy Ave,42.0123405456543,-87.6882400512695,casual,82
Damen Ave & Foster Ave,41.9756164550781,-87.6794586181641,casual,1139
Austin Blvd & Chicago Ave,41.8948860168457,-87.7747039794922,member,228
Kedzie Ave & 24th St,41.8481903076172,-87.7054138183594,member,296
Pulaski Rd & Madison St,41.8808288574219,-87.7262802124023,casual,30
Phillips Ave & 82nd St,41.7463340759277,-87.5647277832031,member,2
Federal St & Polk St,41.8720779418945,-87.6295471191406,member,26547
Woodlawn Ave & 75th St,41.7591590881348,-87.5957489013672,member,10
Oakley Ave & Irving Park Rd,41.9543418884277,-87.6860809326172,member,4156
King Dr & 47th St,41.8098526000977,-87.6162796020508,casual,249
Clark St & Jarvis Ave,42.0159645080566,-87.6750030517578,member,965
Damen Ave & Garfield Blvd,41.7945861816406,-87.6742553710938,casual,7
Ashland Ave & McDowell Ave,41.8088684082031,-87.6645431518555,casual,23
Damen Ave & Clybourn Ave,41.9319305419922,-87.6778564453125,casual,1614
Eastlake Ter & Rogers Ave,42.0210189819336,-87.6650848388672,member,2443
Loomis St & Jackson Blvd,41.8779449462891,-87.6620101928711,casual,1735
Monticello Ave & Irving Park Rd,41.9540061950684,-87.7191314697266,member,2600
Cicero Ave & Lake St,41.8868408203125,-87.7452621459961,casual,30
Franklin St & Monroe St,41.8803176879883,-87.6351852416992,casual,5460
Wentworth Ave & 63rd St,41.7800788879395,-87.6297454833984,casual,87
McClurg Ct & Erie St,41.8944091796875,-87.6176300048828,member,28660
Spaulding Ave & Division St,41.9027061462402,-87.7092208862305,member,1962
MLK Jr Dr & 56th St,41.7934303283691,-87.615852355957,casual,68
Lincoln Ave & Winona St,41.974910736084,-87.6925048828125,member,3673
State St & Erie St,41.8939743041992,-87.6286239624023,member,18353
Ravenswood Ave & Montrose Ave,41.9616203308105,-87.6742324829102,casual,1678
Morgan St & Lake St,41.8854827880859,-87.6523056030273,member,40916
Budlong Woods Library,41.9836654663086,-87.6964263916016,casual,372
Avondale Ave & Irving Park Rd,41.9533920288086,-87.7320022583008,member,1531
Racine Ave & Randolph St,41.8840675354004,-87.656852722168,member,5197
Avers Ave & Belmont Ave,41.9394073486328,-87.7231216430664,casual,471
Ritchie Ct & Banks St,41.9068222045898,-87.6263122558594,casual,4720
Warren Park West,42.001895904541,-87.6892776489258,member,804
Wentworth Ave & 35th St,41.8307762145996,-87.6325073242188,member,1416
Clark St & Wrightwood Ave,41.9295463562012,-87.6431198120117,casual,10838
Halsted St & James M Rochford St,41.8658599853516,-87.646614074707,member,5172
Damen Ave & Leland Ave,41.9670944213867,-87.6790313720703,casual,2406
Ellis Ave & 60th St,41.7850952148438,-87.60107421875,casual,1598
Woodlawn Ave & Lake Park Ave,41.814094543457,-87.5970077514648,casual,575
Paulina Ave & North Ave,41.9103355407715,-87.6700744628906,member,10689
Desplaines St & Kinzie St,41.8887176513672,-87.6444473266602,member,61652
Wabash Ave & Wacker Pl,41.8868751525879,-87.6260299682617,member,23576
Wabash Ave & 9th St,41.8707695007324,-87.625732421875,member,4321
Lincoln Ave & Waveland Ave,41.9489517211914,-87.6751937866211,casual,2436
Dearborn St & Adams St,41.8793563842773,-87.6297912597656,member,53890
May St & Cullerton St,41.8551368713379,-87.6541290283203,casual,854
Marshfield Ave & Cortland St,41.916015625,-87.6688766479492,casual,8762
Wentworth Ave & 24th St,41.849235534668,-87.6317138671875,casual,1704
Clark St & Elmdale Ave,41.990894317627,-87.6695861816406,member,5215
Wabash Ave & Grand Ave,41.8913726806641,-87.6268310546875,member,56795
Clifton Ave & Lawrence Ave,41.9688415527344,-87.6582565307617,casual,2392
California Ave & 23rd Pl,41.8491096496582,-87.6951370239258,member,1495
Larrabee St & North Ave,41.9102096557617,-87.6435012817383,member,13691
Central St Metra,42.0635986328125,-87.69873046875,member,1219
Kedzie Ave & Bryn Mawr Ave,41.9823989868164,-87.7089233398438,casual,386
Stony Island Ave & 71st St,41.7664947509766,-87.5864639282227,casual,174
Noble St & Milwaukee Ave,41.9006805419922,-87.66259765625,member,25273
Racine Ave & 65th St,41.7753944396973,-87.6543045043945,member,46
Orleans St & Elm St,41.9029235839844,-87.6377182006836,casual,2597
Ravenswood Ave & Berteau Ave,41.9579200744629,-87.6735687255859,member,11949
Pulaski Rd & Eddy St,41.9456367492676,-87.7277374267578,casual,183
Southport Ave & Belmont Ave,41.9394912719727,-87.6637802124023,member,18278
Wallace St & 35th St,41.8306274414063,-87.6412887573242,casual,500
Clinton St & Polk St,41.871467590332,-87.6409454345703,member,2028
Lake Shore Dr & Monroe St,41.880989074707,-87.6168212890625,casual,152259
Hoyne Ave & 47th St,41.8082275390625,-87.6771774291992,member,114
Bissell St & Armitage Ave,41.9184417724609,-87.6522216796875,member,33702
Blue Island Ave & 18th St,41.8575553894043,-87.6615371704102,casual,2426
Hampden Ct & Diversey Pkwy,41.9326210021973,-87.6423873901367,casual,11706
Wood St & 35th St,41.8301048278809,-87.670295715332,member,704
Wabash Ave & 16th St,41.8603858947754,-87.6258163452148,member,13446
Millennium Park,41.881031036377,-87.6240844726563,member,44079
Sheffield Ave & Webster Ave,41.9216156005859,-87.6537628173828,member,30081
Milwaukee Ave & Rockwell St,41.9201965332031,-87.6930313110352,casual,2545
Lake Shore Dr & Diversey Pkwy,41.9326858520508,-87.6362533569336,casual,16822
Sheffield Ave & Wrightwood Ave,41.9287109375,-87.6538314819336,casual,5737
Racine Ave & 18th St,41.8581733703613,-87.6564865112305,member,11242
Mies van der Rohe Way & Chestnut St,41.8985862731934,-87.6219177246094,member,21886
Rhodes Ave & 32nd St,41.8362083435059,-87.6135330200195,member,5455
State St & 79th St,41.7507934570313,-87.6244277954102,member,276
Dearborn St & Adams St,41.8793563842773,-87.6297912597656,casual,14256
Clark St & Lake St,41.8860206604004,-87.6308746337891,casual,5680
Cottage Grove Ave & 71st St,41.7657203674316,-87.6049575805664,casual,76
Rush St & Cedar St,41.9023094177246,-87.6276931762695,casual,8030
63rd St Beach,41.7810173034668,-87.5761184692383,casual,1890
Lincoln Ave & Diversey Pkwy,41.9322242736816,-87.6586151123047,member,26390
Kedzie Ave & Milwaukee Ave,41.9295654296875,-87.7078552246094,member,24662
Halsted St & Roscoe St,41.9436645507813,-87.6489334106445,member,29538
Bosworth Ave & Howard St,42.0195388793945,-87.669563293457,member,939
Cityfront Plaza & N Water St,41.8898735046387,-87.6219940185547,casual,3009
Princeton Ave & 47th St,41.8093185424805,-87.6334457397461,member,566
Halsted St & Wrightwood Ave,41.929141998291,-87.6490783691406,member,29547
Larrabee St & Armitage Ave,41.918025970459,-87.6437149047852,member,18734
Central St & Girard Ave,42.0641555786133,-87.6860504150391,member,1212
Ashland Ave & Belle Plaine Ave,41.9560623168945,-87.6688690185547,member,9487
South Shore Dr & 74th St,41.7621879577637,-87.5592727661133,member,836
Oakley Ave & Roscoe St,41.9429168701172,-87.6857986450195,member,2516
Western Ave & Granville Ave,41.9941596984863,-87.6894378662109,casual,487
Calumet Ave & 21st St,41.8541831970215,-87.6191558837891,casual,2942
Leavitt St & Armitage Ave,41.9178047180176,-87.6824340820313,casual,2987
Throop St & 52nd St,41.7996597290039,-87.6571960449219,casual,1
Leavitt St & Armitage Ave,41.9178047180176,-87.6824340820313,member,13594
Racine Ave & Randolph St,41.8840675354004,-87.656852722168,casual,409
Kimbark Ave & 53rd St,41.7995681762695,-87.5947494506836,casual,3551
Western Ave & Howard St,42.0189018249512,-87.6900482177734,casual,68
Union Ave & 42nd St,41.8176383972168,-87.6435623168945,member,133
Broadway & Cornelia Ave,41.9455184936523,-87.6462097167969,member,31168
Cicero Ave & Quincy St,41.877613067627,-87.7454071044922,member,61
State St & Wacker Dr,41.8871536254883,-87.6277465820313,casual,4328
Paulina St & Montrose Ave,41.9615058898926,-87.67138671875,casual,1313
Clark St & Chicago Ave,41.8965454101563,-87.6309280395508,casual,9225
Rockwell St & Eastwood Ave,41.9659004211426,-87.6936416625977,member,5978
Broadway & Argyle St,41.9733963012695,-87.6596527099609,member,11613
Clinton St & Polk St,41.871467590332,-87.6409454345703,casual,386
Indiana Ave & 31st St,41.8388404846191,-87.6218566894531,casual,1800
State St & Van Buren St,41.8771820068359,-87.6278457641602,member,40124
Larrabee St & Armitage Ave,41.918025970459,-87.6437149047852,casual,4837
Lincoln Ave & Roscoe St,41.9433403015137,-87.6709671020508,member,28558
Racine Ave & 15th St,41.8612670898438,-87.656623840332,casual,994
Stockton Dr & Wrightwood Ave,41.9313201904297,-87.6387405395508,casual,11847
MLK Jr Dr & 56th St,41.7934303283691,-87.615852355957,member,102
Financial Pl & Congress Pkwy,41.8750076293945,-87.6331024169922,casual,1737
Lake Park Ave & 35th St,41.8312721252441,-87.6088027954102,member,1375
Clark St & Schiller St,41.9079933166504,-87.6315002441406,member,40531
Chicago Ave & Dempster St,42.041690826416,-87.6806869506836,member,578
Broadway & Belmont Ave,41.9401054382324,-87.6454544067383,casual,9239
Central St & Girard Ave,42.0641555786133,-87.6860504150391,casual,310
LaSalle St & Washington St,41.8826637268066,-87.6325302124023,casual,7176
Clark St & Winnemac Ave,41.9733734130859,-87.6681365966797,member,20966
Vernon Ave & 75th St,41.7583618164063,-87.6141357421875,casual,14
Saginaw Ave & Exchange Ave,41.7587471008301,-87.5601119995117,member,405
Kedzie Ave & Lake St,41.8846015930176,-87.7063064575195,member,1999
Halsted St & Wrightwood Ave,41.929141998291,-87.6490783691406,casual,5038
Streeter Dr & Grand Ave,41.892276763916,-87.6120452880859,casual,118344
Sedgwick St & Webster Ave,41.9220695495605,-87.6387100219727,casual,14173
Shields Ave & 43rd St,41.8162078857422,-87.6348190307617,member,145
South Shore Dr & 67th St,41.7736549377441,-87.5674285888672,member,764
DuSable Museum,41.7915687561035,-87.6078491210938,member,1360
Kedzie Ave & 21st St,41.8535346984863,-87.7050704956055,casual,130
Aberdeen St & Madison St,41.8814888000488,-87.6547546386719,casual,3746
Sheffield Ave & Kingsbury St,41.9100570678711,-87.6532974243164,member,30054
Ashland Ave & 69th St,41.768726348877,-87.6640701293945,casual,17
Wells St & Ohio St,41.8922386169434,-87.6339874267578,casual,950
Halsted St & Maxwell St,41.8647308349609,-87.6470031738281,casual,3616
Canal St & Taylor St,41.8702583312988,-87.6394729614258,casual,1780
Michigan Ave & Pearson St,41.8976593017578,-87.6235122680664,casual,32847
Broadway & Belmont Ave,41.9401054382324,-87.6454544067383,member,28087
Ravenswood Ave & Lawrence Ave,41.9690895080566,-87.6742401123047,casual,2456
Fairbanks Ct & Grand Ave,41.8918609619141,-87.6206207275391,casual,26742
Broadway & Thorndale Ave,41.9897422790527,-87.6601409912109,member,7450
Wells St & Huron St,41.8947296142578,-87.6340713500977,member,22473
Lawndale Ave & 23rd St,41.8498802185059,-87.7170028686523,casual,71
Kostner Ave & Adams St,41.8779182434082,-87.7357406616211,member,125
Canal St & Monroe St,41.8807907104492,-87.6395034790039,member,31000
Central Ave & Harrison St,41.8729934692383,-87.7644958496094,member,54
63rd St Beach,41.7810173034668,-87.5761184692383,member,922
Broadway & Barry Ave,41.9376983642578,-87.6440734863281,member,36385
Cityfront Plaza Dr & Pioneer Ct,41.8904647827148,-87.6220855712891,member,25470
Clark St & Bryn Mawr Ave,41.9835815429688,-87.6691436767578,member,8363
Saginaw Ave & Exchange Ave,41.7587471008301,-87.5601119995117,casual,111
Laramie Ave & Kinzie St,41.8878326416016,-87.7555236816406,member,97
Sedgwick St & North Ave,41.9109802246094,-87.6386489868164,member,34747
Ashland Ave & Blackhawk St,41.9070663452148,-87.6672515869141,member,18361
State St & 33rd St,41.8347358703613,-87.6258163452148,casual,2744
Clinton St & Madison St,41.8819122314453,-87.6411743164063,member,117825
Michigan Ave & 8th St,41.8727722167969,-87.6239776611328,member,2511
Pine Grove Ave & Irving Park Rd,41.9543838500977,-87.6480407714844,member,32458
Monticello Ave & Irving Park Rd,41.9540061950684,-87.7191314697266,casual,457
King Dr & 47th St,41.8098526000977,-87.6162796020508,member,83
Clark St & Chicago Ave,41.8965454101563,-87.6309280395508,member,29985
Conservatory Dr & Lake St,41.8855018615723,-87.7168655395508,member,502
Shields Ave & 28th Pl,41.8427314758301,-87.6354904174805,member,2632
Austin Blvd & Madison St,41.8802795410156,-87.7744522094727,member,19
Lake Shore Dr & Ohio St,41.8925704956055,-87.6144943237305,member,33249
Greenwood Ave & 47th St,41.8098335266113,-87.5993804931641,member,4155
Kingsbury St & Erie St,41.8938636779785,-87.6417846679688,member,63340
Clark St & Schreiber Ave,41.9992523193359,-87.6713790893555,casual,514
Eberhart Ave & 61st St,41.7841415405273,-87.6133041381836,member,228
Clark St & Montrose Ave,41.9615898132324,-87.6660385131836,casual,2825
Chicago Ave & Sheridan Rd,42.0504913330078,-87.6778182983398,casual,910
Leavitt St & Archer Ave,41.8287925720215,-87.6806030273438,casual,713
Racine Ave & 15th St,41.8612670898438,-87.656623840332,member,7629
Ashland Ave & Wrightwood Ave,41.9288291931152,-87.6685104370117,member,13115
Halsted St & 56th St,41.7929306030273,-87.6449890136719,casual,53
Larrabee St & Kingsbury St,41.897762298584,-87.6428833007813,member,66626
Damen Ave & Coulter St,41.8492012023926,-87.6756362915039,casual,337
Mason Ave & Madison St,41.8799781799316,-87.7732620239258,casual,10
Larrabee St & Oak St,41.900218963623,-87.6429824829102,member,18263
Montrose Harbor,41.963981628418,-87.63818359375,member,18975
Clinton St & Roosevelt Rd,41.8671188354492,-87.6410903930664,casual,6325
Clark St & Waveland Ave,41.9489288330078,-87.6577529907227,member,2683
Sedgwick St & Schiller St,41.9066200256348,-87.6385192871094,member,7796
Clark St & Randolph St,41.8845748901367,-87.6318893432617,member,52015
Dorchester Ave & 49th St,41.8057708740234,-87.5924606323242,member,1652
Ashland Ave & Wellington Ave,41.9360847473145,-87.669807434082,casual,2825
Clinton St & 18th St,41.8579483032227,-87.6408233642578,member,8459
Wood St & North Ave,41.910327911377,-87.6725158691406,member,7105
Damen Ave & Pershing Rd,41.8231925964355,-87.6765975952148,member,119
Jeffery Blvd & 71st St,41.7666397094727,-87.5764465332031,casual,192
Western Ave & Division St,41.9028930664063,-87.6872787475586,member,14077
Damen Ave & Augusta Blvd,41.8994140625,-87.6772232055664,casual,4457
Wabash Ave & 87th St,41.736644744873,-87.6226348876953,member,37
Green St & Madison St,41.881893157959,-87.6487884521484,member,23215
McClurg Ct & Illinois St,41.8908004760742,-87.6173782348633,member,53174
Racine Ave & 61st St,41.7831878662109,-87.6543731689453,casual,5
Halsted St & Archer Ave,41.8472023010254,-87.6467971801758,casual,1528
Clybourn Ave & Division St,41.9045639038086,-87.6405258178711,casual,3075
Dayton St & North Ave,41.9105796813965,-87.6494216918945,member,33084
State St & 19th St,41.8565940856934,-87.6275405883789,casual,3746
Morgan St & 18th St,41.8580856323242,-87.6510696411133,casual,2890
Indiana Ave & Roosevelt Rd,41.8678894042969,-87.6230392456055,casual,40048
Bosworth Ave & Howard St,42.0195388793945,-87.669563293457,casual,75
Glenwood Ave & Touhy Ave,42.0126991271973,-87.6660614013672,casual,113
Canal St & Madison St,41.8820915222168,-87.6398315429688,member,120525
Halsted St & 35th St,41.8306617736816,-87.6471710205078,member,2345
Field Blvd & South Water St,41.8863487243652,-87.6175155639648,member,17610
Franklin St & Quincy St,41.8787231445313,-87.6347961425781,casual,7112
Lake Shore Dr & Monroe St,41.880989074707,-87.6168212890625,member,36835
Pulaksi Rd & Eddy St,41.9456367492676,-87.7277374267578,casual,23
Fairfield Ave & Roosevelt Rd,41.8666229248047,-87.6945190429688,member,1093
Damen Ave & Charleston St,41.9200820922852,-87.6778564453125,member,12170
Rush St & Hubbard St,41.8900909423828,-87.6262359619141,member,22451
Ashland Ave & Blackhawk St,41.9070663452148,-87.6672515869141,casual,3307
Ravenswood Ave & Berteau Ave,41.9579200744629,-87.6735687255859,casual,1253
Ashland Ave & 21st St,41.8538093566895,-87.6658935546875,member,2983
Canal St & Adams St,41.8791885375977,-87.639892578125,member,135690
Larrabee St & Webster Ave,41.9217987060547,-87.6440963745117,member,34976
Broadway & Sheridan Rd,41.9528312683105,-87.6499938964844,member,18387
Drake Ave & Addison St,41.9470520019531,-87.7170028686523,casual,450
Fort Dearborn Dr & 31st St,41.8385543823242,-87.6082153320313,member,14820
Western Ave & Winnebago Ave,41.9154853820801,-87.6870880126953,casual,4389
Clinton St & Tilden St,41.8758850097656,-87.6407928466797,casual,2666
Clark St & Randolph St,41.8845748901367,-87.6318893432617,casual,10863
Ellis Ave & 53rd St,41.7993354797363,-87.600959777832,casual,638
Kingsbury St & Kinzie St,41.8891754150391,-87.6385040283203,casual,5518
Sheffield Ave & Webster Ave,41.9216156005859,-87.6537628173828,casual,7076
Sacramento Blvd & Franklin Blvd,41.8897285461426,-87.7010269165039,casual,81
Morgan St & Pershing Rd,41.8236122131348,-87.6509323120117,casual,11
Ashland Ave & 66th St,41.7740745544434,-87.663818359375,casual,11
Wallace St & 35th St,41.8306274414063,-87.6412887573242,member,3475
Ashland Ave & 63rd St,41.7793731689453,-87.6648406982422,member,59
Theater on the Lake,41.9262771606445,-87.6308364868164,casual,99306
Stony Island Ave & 75th St,41.7586708068848,-87.5868835449219,member,336
Racine Ave & Fullerton Ave,41.9255638122559,-87.6584014892578,casual,4559
Albany Ave & 26th St,41.8444747924805,-87.7020111083984,casual,129
Lincoln Ave & Eastwood Ave,41.9658317565918,-87.6865081787109,member,1367
Western Ave & Roscoe St,41.9430274963379,-87.6873931884766,member,4194
Ridge Blvd & Touhy Ave,42.0121307373047,-87.6829147338867,member,942
Larrabee St & Division St,41.9034843444824,-87.6433563232422,member,18621
Wabash Ave & 8th St,41.8719635009766,-87.626106262207,member,27708
Lincoln Ave & Leavitt St,41.9623908996582,-87.6841430664063,member,14866
Ashland Ave & Harrison St,41.8742942810059,-87.6672592163086,member,11927
Dorchester Ave & 49th St,41.8057708740234,-87.5924606323242,casual,419
Richmond St & Diversey Ave,41.9319038391113,-87.7011947631836,member,4951
Central Park Ave & Elbridge Ave,41.9353370666504,-87.7168884277344,member,1893
Ridge Blvd & Howard St,42.0192756652832,-87.6845169067383,casual,76
Milwaukee Ave & Wabansia Ave,41.9126167297363,-87.6813888549805,member,21436
Indiana Ave & 40th St,41.8216781616211,-87.6215972900391,casual,487
Humboldt Dr & Luis Munoz Marin Dr,41.900146484375,-87.702880859375,casual,570
California Ave & 26th St,41.8440399169922,-87.6952972412109,casual,89
Western Ave & Leland Ave,41.9665565490723,-87.6884841918945,casual,3231
Wood St & Grand Ave,41.8911285400391,-87.6720275878906,casual,1446
Kingsbury St & Kinzie St,41.8891754150391,-87.6385040283203,member,69796
Cottage Grove Ave & 47th St,41.8098564147949,-87.6067581176758,casual,609
Sheridan Rd & Montrose Ave,41.961669921875,-87.6546401977539,casual,6331
Cannon Dr & Fullerton Ave,41.9267578125,-87.6344299316406,casual,25822
Jeffery Blvd & 71st St,41.7666397094727,-87.5764465332031,member,504
Hermitage Ave & Polk St,41.8715133666992,-87.6698837280273,member,17835
Laramie Ave & Gladys Ave,41.875804901123,-87.7552871704102,casual,5
Cicero Ave & Flournoy St,41.8721313476563,-87.7466201782227,casual,4
Oakley Ave & Roscoe St,41.9429168701172,-87.6857986450195,casual,187
Desplaines St & Jackson Blvd,41.878288269043,-87.6439056396484,casual,2270
Broadway & Barry Ave,41.9376983642578,-87.6440734863281,casual,10683
Woodlawn Ave & Lake Park Ave,41.814094543457,-87.5970077514648,member,1789
Ridgeland Ave & Lake St,41.8880844116211,-87.7852325439453,casual,108
Woodlawn Ave & 55th St,41.7952651977539,-87.5964736938477,casual,2953
Wentworth Ave & Archer Ave,41.8540840148926,-87.6319122314453,member,11934
Indiana Ave & 26th St,41.8456077575684,-87.6223831176758,member,5280
Warren Park East,42.0045509338379,-87.6806640625,casual,380
Clifton Ave & Armitage Ave,41.9182167053223,-87.6569366455078,member,24700
Pulaski Rd & Lake St,41.8854103088379,-87.7264938354492,member,204
Racine Ave & 65th St,41.7753944396973,-87.6543045043945,casual,10
Seeley Ave & Roscoe St,41.9434013366699,-87.6796188354492,casual,2659
Elston Ave & Wabansia Ave,41.9129180908203,-87.6641693115234,casual,707
Lincoln Ave & Addison St,41.946174621582,-87.6733093261719,casual,1910
Central Park Ave & North Ave,41.9096565246582,-87.7166290283203,casual,1236
Larrabee St & Webster Ave,41.9217987060547,-87.6440963745117,casual,12326
Damen Ave & Sunnyside Ave,41.963249206543,-87.6792602539063,member,9641
Ellis Ave & 55th St,41.7943000793457,-87.601448059082,member,11938
Museum Campus,41.8652114868164,-87.6177597045898,casual,48561
Ashland Ave & Archer Ave,41.8392105102539,-87.6656112670898,casual,271
East Ave & Madison St,41.8801116943359,-87.7892456054688,member,707
Kimball Ave & Belmont Ave,41.939395904541,-87.7118988037109,member,4150
Throop St & 52nd St,41.7996597290039,-87.6571960449219,member,29
Sheffield Ave & Wellington Ave,41.9362602233887,-87.6531143188477,casual,7550
Cicero Ave & Quincy St,41.877613067627,-87.7454071044922,casual,17
Austin Blvd & Madison St,41.8802795410156,-87.7744522094727,casual,4
Honore St & Division St,41.9031181335449,-87.6739349365234,member,2860
Racine Ave & 35th St,41.830696105957,-87.6559753417969,casual,209
Michigan Ave & Jackson Blvd,41.8778495788574,-87.6240768432617,casual,34288
Clark St & Waveland Ave,41.9489288330078,-87.6577529907227,casual,2848
Leavitt St & Archer Ave,41.8287925720215,-87.6806030273438,member,1490
Avondale Ave & Irving Park Rd,41.9533920288086,-87.7320022583008,casual,170
Franklin St & Monroe St,41.8803176879883,-87.6351852416992,member,62008
Clark St & Jarvis Ave,42.0159645080566,-87.6750030517578,casual,110
Lake Shore Dr & Ohio St,41.8925704956055,-87.6144943237305,casual,35550
Damen Ave & Wellington Ave,41.9358787536621,-87.6784210205078,casual,2925
Stetson Ave & South Water St,41.8868446350098,-87.6225051879883,member,36586
Larrabee St & Oak St,41.900218963623,-87.6429824829102,casual,949
Wells St & 19th St,41.856803894043,-87.6338806152344,casual,2322
Oakley Ave & Irving Park Rd,41.9543418884277,-87.6860809326172,casual,706
Wentworth Ave & 63rd St,41.7800788879395,-87.6297454833984,member,265
South Shore Dr & 71st St,41.7664108276367,-87.5656890869141,casual,704
Racine Ave & Wrightwood Ave,41.9288864135742,-87.6589736938477,casual,2257
St. Clair St & Erie St,41.8944473266602,-87.6226654052734,member,40338
Chicago Ave & Washington St,42.0325622558594,-87.6791000366211,member,2956
Kedzie Ave & Chicago Ave,41.8954658508301,-87.7061309814453,member,1190
Ashland Ave & Belle Plaine Ave,41.9560623168945,-87.6688690185547,casual,1323
Broadway & Berwyn Ave,41.9783515930176,-87.6597518920898,member,15507
Desplaines St & Randolph St,41.8846168518066,-87.6445693969727,casual,3337
Chappel Ave & 79th St,41.7518005371094,-87.5748443603516,member,26
Clark St & Grace St,41.9507789611816,-87.6591720581055,casual,4732
Halsted St & 18th St,41.8574981689453,-87.6462783813477,casual,2413
California Ave & Altgeld St,41.9266510009766,-87.6977844238281,casual,885
Winchester Ave & Elston Ave,41.9240913391113,-87.6764602661133,casual,678
Central Park Blvd & 5th Ave,41.8756790161133,-87.7154693603516,member,121
Ashland Ave & Harrison St,41.8742942810059,-87.6672592163086,casual,884
Kilbourn Ave & Irving Park Rd,41.9537315368652,-87.7405700683594,casual,61
Ravenswood Ave & Balmoral Ave,41.9797706604004,-87.6758117675781,casual,419
Clifton Ave & Armitage Ave,41.9182167053223,-87.6569366455078,casual,5187
Pulaski Rd & Lake St,41.8854103088379,-87.7264938354492,casual,28
Southport Ave & Roscoe St,41.9437408447266,-87.6640167236328,member,34414
Marine Dr & Ainslie St,41.9715995788574,-87.6501541137695,casual,3425
Ellis Ave & 55th St,41.7943000793457,-87.601448059082,casual,1402
Damen Ave & Cullerton St,41.8550491333008,-87.6757278442383,member,4690
Calumet Ave & 18th St,41.8576126098633,-87.6194076538086,member,21437
Campbell Ave & North Ave,41.9105339050293,-87.6895523071289,member,10568
Milwaukee Ave & Grand Ave,41.8915786743164,-87.6483840942383,member,9816
Oak Park Ave & Harrison St,41.8729858398438,-87.7939453125,casual,118
Kostner Ave & Lake St,41.885929107666,-87.7354125976563,member,74
Green St & Milwaukee Ave,41.891731262207,-87.6487274169922,member,3509
Warren Park East,42.0045509338379,-87.6806640625,member,924
Vernon Ave & 79th St,41.7509498596191,-87.6137847900391,member,125
Halsted St & 47th Pl,41.8081321716309,-87.6456146240234,casual,74
2112 W Peterson Ave,41.9911766052246,-87.68359375,casual,182
Dearborn St & Erie St,41.8939933776855,-87.6293182373047,member,48928
California Ave & Fletcher St,41.9384307861328,-87.6980056762695,member,3194
Clark St & North Ave,41.9118843078613,-87.6318969726563,casual,23518
Wabash Ave & Cermak Rd,41.8529281616211,-87.6259078979492,member,7807
Lincoln Ave & Waveland Ave,41.9489517211914,-87.6751937866211,member,13457
Larrabee St & Menomonee St,41.914680480957,-87.6433181762695,casual,3035
Spaulding Ave & Armitage Ave,41.9171829223633,-87.7103576660156,casual,1799
Sheffield Ave & Wellington Ave,41.9362602233887,-87.6531143188477,member,39845
Prairie Ave & 43rd St,41.8166580200195,-87.6194152832031,casual,329
Sheffield Ave & Addison St,41.9469223022461,-87.6543502807617,casual,13479
Shields Ave & 31st St,41.8384628295898,-87.6354064941406,member,4114
Western Ave & 21st St,41.8540267944336,-87.6855392456055,casual,762
Hoyne Ave & 47th St,41.8082275390625,-87.6771774291992,casual,22
Mies van der Rohe Way & Chicago Ave,41.8969116210938,-87.6217422485352,casual,20182
State St & 35th St,41.8310394287109,-87.6268768310547,casual,1989
State St & 79th St,41.7507934570313,-87.6244277954102,casual,29
Claremont Ave & Hirsch St,41.9077796936035,-87.6858520507813,casual,964
Racine Ave & 19th St,41.8564529418945,-87.6564712524414,member,1347
Ashland Ave & 50th St,41.8030242919922,-87.6646957397461,member,59
Hermitage Ave & Polk St,41.8715133666992,-87.6698837280273,casual,1098
Cicero Ave & Flournoy St,41.8721313476563,-87.7466201782227,member,21
Halsted St & Diversey Pkwy,41.9335861206055,-87.6489028930664,member,25752
Southport Ave & Wellington Ave,41.9357872009277,-87.6636352539063,member,37902
Blackstone Ave & Hyde Park Blvd,41.802562713623,-87.5903701782227,member,6147
Central Park Ave & Ogden Ave,41.8542060852051,-87.7154083251953,member,525
Lincoln Ave & Belmont Ave,41.9393653869629,-87.6683883666992,casual,3756
Dusable Harbor,41.8850402832031,-87.61279296875,casual,39532
Wood St & Grand Ave,41.8911285400391,-87.6720275878906,member,8850
Ashland Ave & 13th St,41.865234375,-87.66650390625,member,4864
Green St & Randolph St,41.8838729858398,-87.6486740112305,member,34927
East Ave & Garfield St,41.8713111877441,-87.7889404296875,member,542
Woodlawn Ave & 55th St,41.7952651977539,-87.5964736938477,member,8767
LaSalle St & Jackson Blvd,41.8781700134277,-87.6319885253906,member,77291
Aberdeen St & Madison St,41.8814888000488,-87.6547546386719,member,30333
Western Ave & Congress Pkwy,41.8747482299805,-87.6864471435547,casual,510
Halsted St & Willow St,41.9137763977051,-87.6488418579102,member,19656
Wood St & Hubbard St,41.8895874023438,-87.6719589233398,member,3454
Clarendon Ave & Gordon Ter,41.957878112793,-87.6495208740234,casual,4748
DuSable Museum,41.7915687561035,-87.6078491210938,casual,540
St Clair St & Erie St,41.8944473266602,-87.6226654052734,casual,7567
Elizabeth St & 47th St,41.8083915710449,-87.6565246582031,member,73
California Ave & Byron St,41.9521636962891,-87.6980514526367,member,2086
Franklin St & Chicago Ave,41.896785736084,-87.6356353759766,casual,7695
Leavitt St & Hirsch St,41.9067153930664,-87.6827774047852,member,3287
MLK Jr Dr & 63rd St,41.7800827026367,-87.6159439086914,member,260
Evans Ave & 75th St,41.7583084106445,-87.6066818237305,member,313
Sheridan Rd & Greenleaf Ave,42.0105857849121,-87.6624145507813,casual,1410
Damen Ave & Pierce Ave,41.9093971252441,-87.6776885986328,casual,15690
Ravenswood Ave & Montrose Ave,41.9616203308105,-87.6742324829102,member,7432
Field Museum,41.8653106689453,-87.6178665161133,casual,13538
Troy St & North Ave,41.9097709655762,-87.7052764892578,casual,1617
Jeffery Blvd & 67th St,41.7735176086426,-87.5771408081055,member,797
Sawyer Ave & Irving Park Rd,41.9535865783691,-87.7093124389648,member,2321
Clarendon Ave & Leland Ave,41.9679679870605,-87.6500015258789,member,10069
Dusable Harbor,41.8850402832031,-87.61279296875,member,12701
Calumet Ave & 35th St,41.8313789367676,-87.618034362793,member,2440
Green St & Milwaukee Ave,41.891731262207,-87.6487274169922,casual,1075
Halsted St & 59th St,41.787540435791,-87.6448745727539,casual,9
Green St & Madison St,41.881893157959,-87.6487884521484,casual,2286
Troy St & Elston Ave,41.9452438354492,-87.7066497802734,casual,709
Damen Ave & Grand Ave,41.8912200927734,-87.6768569946289,member,17930
Racine Ave & 13th St,41.8650550842285,-87.6569595336914,casual,565
Jefferson St & Monroe St,41.8804206848145,-87.6427459716797,casual,5038
Larrabee St & Division St,41.9034843444824,-87.6433563232422,casual,2490
Halsted St & 63rd St,41.7793807983398,-87.6446228027344,member,289
Kilbourn Ave & Milwaukee Ave,41.9488182067871,-87.7400207519531,casual,76
Lincoln Ave & Fullerton Ave,41.9259033203125,-87.6492614746094,member,27353
Ravenswood Ave & Balmoral Ave,41.9797706604004,-87.6758117675781,member,4765
Ellis Ave & 58th St,41.788745880127,-87.6013336181641,member,14136
Seeley Ave & Roscoe St,41.9434013366699,-87.6796188354492,member,10965
Western Ave & 28th St,41.8415184020996,-87.6851348876953,casual,28
Milwaukee Ave & Wabansia Ave,41.9126167297363,-87.6813888549805,casual,6088
Damen Ave & 61st St,41.7836799621582,-87.6741027832031,casual,7
Clark St & Lunt Ave,42.0090713500977,-87.6738739013672,member,5326
Canal St & Jackson Blvd,41.8779792785645,-87.6402282714844,member,69204
California Ave & Francis Pl,41.9183349609375,-87.6971054077148,casual,2586
Marshfield Ave & 44th St,41.8139953613281,-87.6665878295898,casual,20
Francisco Ave & Foster Ave,41.9756317138672,-87.701416015625,casual,629
Kedzie Ave & Bryn Mawr Ave,41.9823989868164,-87.7089233398438,member,1311
Central St Metra,42.0635986328125,-87.69873046875,casual,210
Central Ave & Lake St,41.8876647949219,-87.7654724121094,member,69
Ogden Ave & Chicago Ave,41.8963623046875,-87.6540603637695,member,25274
Noble St & Milwaukee Ave,41.9006805419922,-87.66259765625,casual,5883
Cottage Grove Ave & 83rd St,41.7440528869629,-87.6047897338867,casual,38
Ashland Ave & Garfield Blvd,41.7928237915039,-87.6644287109375,member,5
Shore Drive & 55th St,41.7952117919922,-87.5807113647461,member,5042
Lake Shore Dr & North Blvd,41.9117202758789,-87.6268005371094,member,53698
Martin Luther King Dr & 29th St,41.8420524597168,-87.6169967651367,member,761
California Ave & 26th St,41.8440399169922,-87.6952972412109,member,437
Princeton Ave & 47th St,41.8093185424805,-87.6334457397461,casual,75
Harper Ave & 59th St,41.7879447937012,-87.5883178710938,casual,950
Stave St & Armitage Ave,41.9177398681641,-87.6913909912109,member,6956
Racine Ave & Belmont Ave,41.9397430419922,-87.6588668823242,member,23612
Princeton Ave & Garfield Blvd,41.7949829101563,-87.6331253051758,casual,88
Michigan Ave & Congress Pkwy,41.8761520385742,-87.6244277954102,casual,27410
Sheridan Rd & Lawrence Ave,41.9695167541504,-87.6546936035156,member,7144
California Ave & Division St,41.9030303955078,-87.6974716186523,casual,3622
Dearborn Pkwy & Delaware Pl,41.8989868164063,-87.6299209594727,member,51223
Kosciuszko Park,41.9305839538574,-87.7237777709961,member,3385
Kedzie Ave & 21st St,41.8535346984863,-87.7050704956055,member,649
Larrabee St & North Ave,41.9102096557617,-87.6435012817383,casual,2822
Washtenaw Ave & 15th St,41.8614807128906,-87.6933746337891,casual,123
Halsted St & Madison St,41.8817481994629,-87.6477966308594,member,12641
Damen Ave & Melrose Ave,41.940601348877,-87.6784973144531,member,9553
State St & Pearson St,41.8974494934082,-87.6287231445313,member,31815
Ada St & Washington Blvd,41.8828315734863,-87.6612091064453,member,24880
University Library (NU),42.0529403686523,-87.6734466552734,member,3006
Rush St & Superior St,41.8957633972168,-87.6259078979492,casual,7425
Halsted St & Waveland Ave,41.9493560791016,-87.6496276855469,casual,2226
State St & Pershing Rd,41.8230171203613,-87.6265716552734,casual,120
Stony Island Ave & 64th St,41.7787017822266,-87.586784362793,casual,324
Clinton St & Washington Blvd,41.8833808898926,-87.6411666870117,member,167324
Kostner Ave & Adams St,41.8779182434082,-87.7357406616211,casual,22
State St & Randolph St,41.8847312927246,-87.6277313232422,casual,17229
Dorchester Ave & 63rd St,41.7804069519043,-87.5914154052734,member,891
Elston Ave & Wabansia Ave,41.9129180908203,-87.6641693115234,member,6854
Kedzie Ave & Milwaukee Ave,41.9295654296875,-87.7078552246094,casual,7440
Michigan Ave & 14th St,41.8640594482422,-87.6237258911133,member,23285
Ashland Ave & Archer Ave,41.8392105102539,-87.6656112670898,member,807
Western Ave & Congress Pkwy,41.8747482299805,-87.6864471435547,member,3265
Prairie Ave & Garfield Blvd,41.7949371337891,-87.6189117431641,member,4429
Ashland Ave & Pershing Rd,41.8234634399414,-87.6655807495117,casual,33
Delano Ct & Roosevelt Rd,41.8674926757813,-87.6321868896484,casual,1
May St & Cullerton St,41.8551368713379,-87.6541290283203,member,3803
Ellis Ave & 83rd St,41.7441215515137,-87.5990371704102,member,11
Clifton Ave & Lawrence Ave,41.9688415527344,-87.6582565307617,member,11979
Sheridan Rd & Montrose Ave,41.961669921875,-87.6546401977539,member,23848
Ashland Ave & Chicago Ave,41.8959655761719,-87.6677474975586,casual,3251
Ashland Ave & Grace St,41.9506874084473,-87.668701171875,member,14714
Orleans St & Merchandise Mart Plaza,41.8882446289063,-87.6363906860352,casual,8856
Michigan Ave & 8th St,41.8727722167969,-87.6239776611328,casual,4456
Fairbanks Ct & Grand Ave,41.8918609619141,-87.6206207275391,member,47966
Wells St & Walton St,41.8999290466309,-87.6344299316406,casual,6334
Columbus Dr & Randolph St,41.8848686218262,-87.6198348999023,casual,28339
Desplaines St & Kinzie St,41.8887176513672,-87.6444473266602,casual,9426
Wentworth Ave & 35th St,41.8307762145996,-87.6325073242188,casual,333
State St & Harrison St,41.8740081787109,-87.6277236938477,casual,11174
Southport Ave & Belmont Ave,41.9394912719727,-87.6637802124023,casual,4491
McCormick Place,41.851375579834,-87.6188354492188,casual,19212
Sangamon St & Washington Blvd,41.8830032348633,-87.6511459350586,member,13720
Austin Blvd & Lake St,41.8879203796387,-87.7744445800781,member,298
Canal St & Harrison St,41.8742980957031,-87.6395645141602,casual,3045
California Ave & Lake St,41.8844528198242,-87.6962966918945,member,1386
East Ave & Madison St,41.8801116943359,-87.7892456054688,casual,60
Clark St & Lincoln Ave,41.9156875610352,-87.6345977783203,member,46788
Clarendon Ave & Junior Ter,41.9610023498535,-87.6496047973633,casual,6227
Clark St & Bryn Mawr Ave,41.9835815429688,-87.6691436767578,casual,1375
Clark St & Columbia Ave,42.004451751709,-87.6724014282227,casual,267
Sheffield Ave & Wrightwood Ave,41.9287109375,-87.6538314819336,member,24745
Laramie Ave & Gladys Ave,41.875804901123,-87.7552871704102,member,141
Lakefront Trail & Bryn Mawr Ave,41.9840354919434,-87.6523132324219,casual,12305
Racine Ave & 18th St,41.8581733703613,-87.6564865112305,casual,2692
Ashland Ave & Armitage Ave,41.9178581237793,-87.6689224243164,casual,938
Wabash Ave & 83rd St,41.7433166503906,-87.6228485107422,member,46
Southport Ave & Irving Park Rd,41.9541778564453,-87.6643600463867,casual,3194
Broadway & Granville Ave,41.9947814941406,-87.660285949707,casual,3073
Central Ave & Chicago Ave,41.8949584960938,-87.7649002075195,member,64
Austin Blvd & Lake St,41.8879203796387,-87.7744445800781,casual,141
Valli Produce - Evanston Plaza,42.0397415161133,-87.6994094848633,casual,123
Sheffield Ave & Waveland Ave,41.9493980407715,-87.6545257568359,casual,3834
Normal Ave & Archer Ave,41.8495254516602,-87.6405944824219,casual,674
Forest Ave & Chicago Ave,41.8942108154297,-87.80029296875,member,1054
Canal St & Taylor St,41.8702583312988,-87.6394729614258,member,9250
Knox Ave & Montrose Ave,41.9606323242188,-87.745361328125,casual,78
Lincoln Ave & Diversey Pkwy,41.9322242736816,-87.6586151123047,casual,4763
Cottage Grove Ave & 51st St,41.8030395507813,-87.6066131591797,casual,881
Ashland Ave & Armitage Ave,41.9178581237793,-87.6689224243164,member,2802
Racine Ave & Garfield Blvd,41.7944602966309,-87.6550064086914,member,21
Clark St & Armitage Ave,41.9183044433594,-87.6362838745117,casual,25473
Commercial Ave & 83rd St,41.7446060180664,-87.5512008666992,casual,12
Halsted St & Waveland Ave,41.9493560791016,-87.6496276855469,member,7531
Lake Park Ave & 53rd St,41.7994956970215,-87.5864486694336,casual,2978
Glenwood Ave & Touhy Ave,42.0126991271973,-87.6660614013672,member,838
Wabash Ave & 87th St,41.736644744873,-87.6226348876953,casual,16
Greenview Ave & Diversey Pkwy,41.9325942993164,-87.6659393310547,member,11262
Western Ave & Lunt Ave,42.0085945129395,-87.6904907226563,casual,324
Stony Island Ave & South Chicago Ave,41.7511711120605,-87.585334777832,casual,5
McClurg Ct & Erie St,41.8944091796875,-87.6176300048828,casual,6837
Adler Planetarium,41.866096496582,-87.6072692871094,casual,56190
Ashland Ave & Grand Ave,41.8910713195801,-87.6666107177734,member,11968
Rockwell St & Eastwood Ave,41.9659004211426,-87.6936416625977,casual,507
Broadway & Berwyn Ave,41.9783515930176,-87.6597518920898,casual,5387
Theater on the Lake,41.9262771606445,-87.6308364868164,member,67095
Ashland Ave & Augusta Blvd,41.8996429443359,-87.6677017211914,member,17279
Wolcott Ave & Polk St,41.8712615966797,-87.6736907958984,casual,976
Western Ave & Division St,41.9028930664063,-87.6872787475586,casual,3290
Ellis Ave & 58th St,41.788745880127,-87.6013336181641,casual,3285
Canal St & Monroe St,41.8807907104492,-87.6395034790039,casual,2924
Drake Ave & Addison St,41.9470520019531,-87.7170028686523,member,3125
Racine Ave & 19th St,41.8564529418945,-87.6564712524414,casual,577
Canal St & Madison St,41.8820915222168,-87.6398315429688,casual,10143
Emerald Ave & 31st St,41.8381996154785,-87.6451416015625,casual,1283
Clark St & Montrose Ave,41.9615898132324,-87.6660385131836,member,12560
Congress Pkwy & Ogden Ave,41.8750114440918,-87.6732788085938,casual,273
LaSalle St & Washington St,41.8826637268066,-87.6325302124023,member,49461
Wabash Ave & Grand Ave,41.8913726806641,-87.6268310546875,casual,27211
Greenview Ave & Diversey Pkwy,41.9325942993164,-87.6659393310547,casual,2349
California Ave & Augusta Blvd,41.899356842041,-87.6964416503906,casual,126
Damen Ave & Sunnyside Ave,41.963249206543,-87.6792602539063,casual,1641
Leavitt St & North Ave,41.9103202819824,-87.6823272705078,member,16503
Clark St & Winnemac Ave,41.9733734130859,-87.6681365966797,casual,4519
900 W Harrison St,41.8747138977051,-87.6499176025391,casual,1657
Stony Island Ave & 75th St,41.7586708068848,-87.5868835449219,casual,87
Clinton St & Lake St,41.8856430053711,-87.641487121582,member,72974
Exchange Ave & 79th St,41.7517318725586,-87.5528106689453,casual,25
California Ave & Milwaukee Ave,41.9226951599121,-87.697151184082,member,27223
Elmwood Ave & Austin St,42.0257835388184,-87.6841049194336,member,554
Halsted St & Archer Ave,41.8472023010254,-87.6467971801758,member,7707
University Ave & 57th St,41.7914772033691,-87.5997085571289,casual,2794
Southport Ave & Clark St,41.9570808410645,-87.6641998291016,casual,1669
Sheridan Rd & Buena Ave,41.9584617614746,-87.6547241210938,casual,3131
Lake Park Ave & 47th St,41.8094444274902,-87.5918731689453,casual,6039
Lincoln Ave & Roscoe St,41.9433403015137,-87.6709671020508,casual,4220
Loomis St & Archer Ave,41.8416328430176,-87.6574325561523,member,2130
California Ave & Roosevelt Rd,41.8666305541992,-87.6955947875977,casual,53
Western Ave & 24th St,41.8484687805176,-87.6851119995117,casual,230
Phillips Ave & 79th St,41.7518196105957,-87.5652084350586,member,114
Stave St & Armitage Ave,41.9177398681641,-87.6913909912109,casual,1804
Lake Shore Dr & North Blvd,41.9117202758789,-87.6268005371094,casual,91399
Buckingham Fountain,41.8767051696777,-87.6212615966797,casual,17203
Broadway & Wilson Ave,41.96533203125,-87.6580505371094,member,12696
Kedzie Ave & Leland Ave,41.9666862487793,-87.7080535888672,casual,429
Dodge Ave & Church St,42.0483093261719,-87.6982269287109,member,1100
Ellis Ave & 53rd St,41.7993354797363,-87.600959777832,member,7513
Western Ave & Winnebago Ave,41.9154853820801,-87.6870880126953,member,21980
Clark St & Congress Pkwy,41.8759346008301,-87.6305847167969,casual,6153
Ellis Ave & 83rd St,41.7441215515137,-87.5990371704102,casual,16
Troy St & Elston Ave,41.9452438354492,-87.7066497802734,member,4071
Cottage Grove Ave & 83rd St,41.7440528869629,-87.6047897338867,member,211
Western Ave & Walton St,41.8984184265137,-87.6865997314453,member,11433
Keeler Ave & Irving Park Rd,41.9538536071777,-87.7324676513672,casual,328
Jeffery Blvd & 67th St,41.7735176086426,-87.5771408081055,casual,593
Bennett Ave & 79th St,41.7517852783203,-87.578498840332,member,50
Union Ave & Grand Ave,41.890998840332,-87.6459274291992,member,16694
Sedgwick St & Webster Ave,41.9220695495605,-87.6387100219727,member,34197
Pine Grove Ave & Addison St,41.9478378295898,-87.6454162597656,member,1161
Sheridan Rd & Irving Park Rd,41.9542694091797,-87.6544570922852,member,43644
Kedzie Ave & Lake St,41.8846015930176,-87.7063064575195,casual,341
Damen Ave & 59th St,41.786018371582,-87.6741638183594,member,15
MLK Jr Dr & Oakwood Blvd,41.8225593566895,-87.6161499023438,casual,600
Wells St & Ohio St,41.8922386169434,-87.6339874267578,member,1803
Marshfield Ave & 59th St,41.7868347167969,-87.6662139892578,member,35
Woodlawn Ave & 75th St,41.7591590881348,-87.5957489013672,casual,14
Museum of Science and Industry,41.7917289733887,-87.5839462280273,member,2601
Dearborn St & Erie St,41.8939933776855,-87.6293182373047,casual,9838
State St & 16th St,41.8601226806641,-87.6277313232422,casual,2925
Keystone Ave & Montrose Ave,41.961109161377,-87.7289733886719,casual,397
Damen Ave & Coulter St,41.8492012023926,-87.6756362915039,member,1041
Southport Ave & Wrightwood Ave,41.928825378418,-87.6635437011719,casual,4219
Western Ave & Granville Ave,41.9941596984863,-87.6894378662109,member,1403
Franklin St & Lake St,41.8858375549316,-87.635498046875,casual,6004
Calumet Ave & 51st St,41.8022956848145,-87.6180572509766,casual,284
Eastlake Ter & Rogers Ave,42.0210189819336,-87.6650848388672,casual,574
Chicago Ave & Sheridan Rd,42.0504913330078,-87.6778182983398,member,2744
Clark St & Schiller St,41.9079933166504,-87.6315002441406,casual,11027
Delano Ct & Roosevelt Rd,41.8674926757813,-87.6321868896484,member,27
Milwaukee Ave & Cuyler Ave,41.9544677734375,-87.7495956420898,casual,61
Logan Blvd & Elston Ave,41.9305839538574,-87.6851272583008,member,14616
Damen Ave & Foster Ave,41.9756164550781,-87.6794586181641,member,7945
Halsted St & 21st St,41.8537788391113,-87.6466522216797,casual,1352
Laramie Ave & Madison St,41.8803558349609,-87.754638671875,member,68
Indiana Ave & Roosevelt Rd,41.8678894042969,-87.6230392456055,member,46886
Harper Ave & 59th St,41.7879447937012,-87.5883178710938,member,4048
California Ave & Montrose Ave,41.961067199707,-87.695442199707,member,2322
Daley Center Plaza,41.8843307495117,-87.6298446655273,casual,12189
Clark St & Leland Ave,41.9670944213867,-87.6674270629883,member,14023
Central Ave & Madison St,41.8801193237305,-87.7632369995117,member,98
Ogden Ave & Chicago Ave,41.8963623046875,-87.6540603637695,casual,5394
Millard Ave & 26th St,41.8445663452148,-87.7159118652344,casual,103
Maplewood Ave & Peterson Ave,41.990234375,-87.6933670043945,member,972
Ashland Ave & Lake St,41.8854103088379,-87.6673202514648,casual,2313
Greenview Ave & Jarvis Ave,42.0159606933594,-87.668571472168,member,2762
Shedd Aquarium,41.8672256469727,-87.6153564453125,member,13018
Lincoln Ave & Fullerton Ave,41.9259033203125,-87.6492614746094,casual,7078
California Ave & Fletcher St,41.9384307861328,-87.6980056762695,casual,839
Humboldt Blvd & Armitage Ave,41.9175148010254,-87.7018127441406,member,8517
California Ave & Altgeld St,41.9266510009766,-87.6977844238281,member,4918
Eberhart Ave & 61st St,41.7841415405273,-87.6133041381836,casual,107
Ashland Ave & McDowell Ave,41.8088684082031,-87.6645431518555,member,326
Michigan Ave & Congress Pkwy,41.8761520385742,-87.6244277954102,member,19541
Forest Ave & Lake St,41.8889083862305,-87.8002548217773,casual,278
Marine Dr & Ainslie St,41.9715995788574,-87.6501541137695,member,6694
Clinton St & 18th St,41.8579483032227,-87.6408233642578,casual,1546
Cottage Grove Ave & Oakwood Blvd,41.8229866027832,-87.6071014404297,member,1831
Wilton Ave & Belmont Ave,41.9401817321777,-87.6530380249023,casual,11545
Chappel Ave & 79th St,41.7518005371094,-87.5748443603516,casual,2
Lake Park Ave & 56th St,41.7932434082031,-87.5877838134766,member,11474
Christiana Ave & Lawrence Ave,41.9683532714844,-87.7118301391602,casual,382
Campbell Ave & North Ave,41.9105339050293,-87.6895523071289,casual,2483
Clark St & Lincoln Ave,41.9156875610352,-87.6345977783203,casual,28409
Talman Ave & Addison St,41.9466361999512,-87.6946182250977,member,4101
Union Ave & Root St,41.8191032409668,-87.6432800292969,casual,16
Lincoln Ave & Armitage Ave,41.9182739257813,-87.6381149291992,member,2515
Ashland Ave & Wrightwood Ave,41.9288291931152,-87.6685104370117,casual,3019
Halsted St & 56th St,41.7929306030273,-87.6449890136719,member,170
Indiana Ave & 31st St,41.8388404846191,-87.6218566894531,member,8879
Wallace Ave & 35th St,41.8306274414063,-87.6412887573242,casual,336
Ogden Ave & Race Ave,41.8917961120605,-87.6587524414063,casual,3197
Greenwood Ave & 47th St,41.8098335266113,-87.5993804931641,casual,1788
Western Blvd & 48th Pl,41.8056602478027,-87.6833953857422,casual,39
California Ave & Francis Pl,41.9183349609375,-87.6971054077148,member,11390
Leavitt St & Lawrence Ave,41.9688835144043,-87.6839981079102,member,7946
Streeter Dr & Illinois St,41.8910713195801,-87.6121978759766,member,23787
Orleans St & Ohio St,41.8921546936035,-87.6369247436523,member,22282
Clarendon Ave & Leland Ave,41.9679679870605,-87.6500015258789,casual,5641
Clark St & Berwyn Ave,41.9779968261719,-87.6680450439453,member,13952
Field Blvd & South Water St,41.8863487243652,-87.6175155639648,casual,9284
Clark St & Elm St,41.9031028747559,-87.6312637329102,member,66939
Damen Ave & Division St,41.9032897949219,-87.6776885986328,member,32785
California Ave & Division St,41.9030303955078,-87.6974716186523,member,6878
Perry Ave & 69th St,41.7692947387695,-87.6281967163086,member,145
Central Ave & Madison St,41.8801193237305,-87.7632369995117,casual,23
Michigan Ave & Jackson Blvd,41.8778495788574,-87.6240768432617,member,36157
Loomis St & Lexington St,41.8721885681152,-87.6614990234375,casual,2167
Wolcott Ave & Lawrence Ave,41.9686393737793,-87.6763381958008,member,2664
Michigan Ave & Madison St,41.8821334838867,-87.6251220703125,member,29627
Sangamon St & Washington Blvd,41.8830032348633,-87.6511459350586,casual,2163
Pine Grove Ave & Waveland Ave,41.949275970459,-87.6463012695313,member,29590
MLK Jr Dr & 29th St,41.8420524597168,-87.6169967651367,member,15757
Valli Produce - Evanston Plaza,42.0397415161133,-87.6994094848633,member,367
Morgan St & 31st St,41.8377990722656,-87.6511383056641,casual,1300
Ogden Ave & Congress Pkwy,41.8750114440918,-87.6732788085938,casual,714
Wabash Ave & 83rd St,41.7433166503906,-87.6228485107422,casual,9
Cottage Grove Ave & 67th St,41.7737197875977,-87.6056365966797,casual,119
Morgan Ave & 14th Pl,41.862377166748,-87.6510620117188,casual,1810
State St & Randolph St,41.8847312927246,-87.6277313232422,member,48577
Halsted St & 35th St,41.8306617736816,-87.6471710205078,casual,1168
Ashland Ave & Division St,41.903450012207,-87.6682739257813,member,41818
Sheffield Ave & Kingsbury St,41.9100570678711,-87.6532974243164,casual,5585
Greenview Ave & Fullerton Ave,41.9253311157227,-87.6658020019531,member,15770
Kedzie Ave & Palmer Ct,41.9215240478516,-87.7073211669922,member,13124
Financial Pl & Congress Pkwy,41.8750076293945,-87.6331024169922,member,23403
Claremont Ave & Hirsch St,41.9077796936035,-87.6858520507813,member,8912
Emerald Ave & 28th St,41.843578338623,-87.6453704833984,casual,722
Wabash Ave & Cermak Rd,41.8529281616211,-87.6259078979492,casual,4181
Princeton Ave & 31st St,41.838020324707,-87.6340103149414,casual,145
Ogden Ave & Roosevelt Rd,41.8665008544922,-87.684700012207,member,3912
Ada St & Washington Blvd,41.8828315734863,-87.6612091064453,casual,2671
Sheridan Rd & Loyola Ave,42.0010452270508,-87.6612014770508,casual,2181
Damen Ave & Pierce Ave,41.9093971252441,-87.6776885986328,member,53116
Albany Ave & Bloomingdale Ave,41.9140281677246,-87.7051239013672,member,7184
Marshfield Ave & Cortland St,41.916015625,-87.6688766479492,member,46905
Halsted St & Diversey Pkwy,41.9335861206055,-87.6489028930664,casual,6063
Princeton Ave & China Pl,41.8536605834961,-87.6351318359375,casual,101
Field Museum,41.8653106689453,-87.6178665161133,member,4032
Kedzie Ave & Roosevelt Rd,41.8664932250977,-87.7064971923828,member,1032
Kilbourn Ave & Milwaukee Ave,41.9488182067871,-87.7400207519531,member,390
Wells St & Hubbard St,41.8899345397949,-87.6342620849609,member,25903
South Shore Dr & 74th St,41.7621879577637,-87.5592727661133,casual,255
Conservatory Dr & Lake St,41.8855018615723,-87.7168655395508,casual,197
Lakeview Ave & Fullerton Pkwy,41.9258575439453,-87.6389694213867,member,32408
LaSalle St & Illinois St,41.890754699707,-87.6319580078125,member,60373
Damen Ave & Augusta Blvd,41.8994140625,-87.6772232055664,member,23745
Sheridan Rd & Noyes St (NU),42.0582389831543,-87.6774291992188,casual,521
Broadway & Ridge Ave,41.9840431213379,-87.660270690918,member,7543
Sedgwick St & Schiller St,41.9066200256348,-87.6385192871094,casual,1887
Western Ave & 28th St,41.8415184020996,-87.6851348876953,member,412
Ashland Ave & Wellington Ave,41.9360847473145,-87.669807434082,member,12072
MLK Jr Dr & 47th St,41.8098526000977,-87.6162796020508,casual,471
Sheffield Ave & Fullerton Ave,41.9256019592285,-87.6537094116211,casual,9158
Larrabee St & Kingsbury St,41.897762298584,-87.6428833007813,casual,5327
Jefferson St & Monroe St,41.8804206848145,-87.6427459716797,member,38058
Halsted St & Dickens Ave,41.9199371337891,-87.6488265991211,member,25657
Paulina St & Howard St,42.019157409668,-87.6735763549805,casual,199
State St & 76th St,41.7569694519043,-87.6246185302734,member,136
Halsted St & 63rd St,41.7793807983398,-87.6446228027344,casual,113
Clark St & Wellington Ave,41.9364967346191,-87.6475372314453,member,37211
Racine Ave & 13th St,41.8650550842285,-87.6569595336914,member,3109
Wentworth Ave & 33rd St,41.834529876709,-87.6318206787109,member,4234
Artesian Ave & Hubbard St,41.8894920349121,-87.6882171630859,casual,692
Lombard Ave & Garfield St,41.8706245422363,-87.7789916992188,casual,81
Calumet Ave & 35th St,41.8313789367676,-87.618034362793,casual,628
Wabash Ave & Roosevelt Rd,41.8672065734863,-87.6259613037109,casual,21259
Paulina St & Diversey Pkwy,41.9318618774414,-87.6707916259766,member,948
St. Louis Ave & Balmoral Ave,41.9803924560547,-87.7161178588867,casual,295
Kedzie Ave & 24th St,41.8481903076172,-87.7054138183594,casual,61
Canal St & Adams St,41.8791885375977,-87.639892578125,casual,9413
Troy St & North Ave,41.9097709655762,-87.7052764892578,member,3720
State St & 16th St,41.8601226806641,-87.6277313232422,member,7669
Halsted St & Roosevelt Rd,41.8673248291016,-87.6486282348633,casual,1251
Wells St & Evergreen Ave,41.9067230224609,-87.6348266601563,member,36531
Damen Ave & Clybourn Ave,41.9319305419922,-87.6778564453125,member,8274
Damen Ave & Charleston St,41.9200820922852,-87.6778564453125,casual,3501
Wells St & Polk St,41.8724822998047,-87.6335144042969,casual,3797
California Ave & Cortez St,41.9003639221191,-87.6967010498047,casual,228
Halsted St & 51st St,41.801830291748,-87.6452102661133,casual,47
Pulaski Rd & Madison St,41.8808288574219,-87.7262802124023,member,159
Damen Ave & Madison St,41.8813705444336,-87.6749267578125,casual,3658
California Ave & 21st St,41.8540153503418,-87.695442199707,casual,827
Austin Blvd & Chicago Ave,41.8948860168457,-87.7747039794922,casual,35
Clinton St & Tilden St,41.8758850097656,-87.6407928466797,member,22918
Aberdeen St & Jackson Blvd,41.8777275085449,-87.65478515625,casual,4056
Racine Ave & Congress Pkwy,41.874641418457,-87.6570281982422,casual,2472
Shore Drive & 55th St,41.7952117919922,-87.5807113647461,casual,6415
Manor Ave & Leland Ave,41.9663162231445,-87.7010803222656,member,2460
Larrabee St & Menomonee St,41.914680480957,-87.6433181762695,member,18099
Damen Ave & Grand Ave,41.8912200927734,-87.6768569946289,casual,2683
Loomis St & Lexington St,41.8721885681152,-87.6614990234375,member,25466
Kingsbury St & Erie St,41.8938636779785,-87.6417846679688,casual,6763
Calumet Ave & 21st St,41.8541831970215,-87.6191558837891,member,6137
Normal Ave & 72nd St,41.7634620666504,-87.6372985839844,casual,11
Phillips Ave & 82nd St,41.7463340759277,-87.5647277832031,casual,3
Clinton St & Roosevelt Rd,41.8671188354492,-87.6410903930664,member,21478
Humphrey Ave & Ontario St,41.8903694152832,-87.7775650024414,casual,42
Loomis St & Jackson Blvd,41.8779449462891,-87.6620101928711,member,14884
Wells St & Concord Ln,41.912166595459,-87.6346588134766,member,54864
Calumet Ave & 33rd St,41.8348999023438,-87.6179275512695,member,9652
Greenwood Ave & 79th St,41.751293182373,-87.5975494384766,casual,15
Drake Ave & Montrose Ave,41.9611549377441,-87.7165679931641,casual,372
Rush St & Hubbard St,41.8900909423828,-87.6262359619141,casual,6015
Marion St & South Blvd,41.8868103027344,-87.8028717041016,member,1654
Wells St & Erie St,41.8938331604004,-87.6341934204102,member,26395
Lincoln Ave & Belle Plaine Ave,41.9559288024902,-87.6792602539063,member,14045
Spaulding Ave & Armitage Ave,41.9171829223633,-87.7103576660156,member,5949
Damen Ave & 61st St,41.7836799621582,-87.6741027832031,member,5
Leavitt St & Addison St,41.9468421936035,-87.6833648681641,casual,760
Damen Ave & Pershing Rd,41.8231925964355,-87.6765975952148,casual,64
Damen Ave & Chicago Ave,41.8957672119141,-87.6772232055664,casual,6327
Washtenaw Ave & Lawrence Ave,41.9688491821289,-87.6960983276367,member,3246
Lake Shore Dr & Diversey Pkwy,41.9326858520508,-87.6362533569336,member,21640
Cottage Grove Ave & 43rd St,41.8164978027344,-87.6065826416016,casual,614
Drake Ave & Fullerton Ave,41.9244003295898,-87.7154388427734,casual,919
Sedgwick St & Huron St,41.8946647644043,-87.6384353637695,member,31601
Cornell Ave & Hyde Park Blvd,41.8024063110352,-87.5869216918945,member,9479
Wood St & North Ave,41.910327911377,-87.6725158691406,casual,2791
Yates Blvd & 75th St,41.7587661743164,-87.5664367675781,member,183
